sample,ma,h,date,count,average,entry,exit,return_pct
長期重建,5,5,2023-12-05,127,134.0,2023-12-06,2023-12-12,0.6332457173305661
長期重建,5,5,2024-01-08,45,53.8,2024-01-09,2024-01-15,-0.21938653655874107
長期重建,5,5,2024-02-05,83,88.2,2024-02-15,2024-02-21,0.06354326004784916
長期重建,5,5,2024-03-21,90,97.0,2024-03-22,2024-03-28,-0.42264603802085743
長期重建,5,5,2024-04-23,156,158.6,2024-04-24,2024-04-30,3.1670482123329347
長期重建,5,5,2024-05-23,111,116.0,2024-05-24,2024-05-30,-0.3646467534127007
長期重建,5,5,2024-06-25,103,107.4,2024-06-26,2024-07-02,-0.2580806039783723
長期重建,5,5,2024-09-05,137,157.8,2024-09-06,2024-09-12,1.8715200101620866
長期重建,5,5,2024-10-08,91,94.2,2024-10-09,2024-10-16,1.6513106541144573
長期重建,5,5,2024-11-14,72,78.0,2024-11-15,2024-11-21,-0.9287520462632259
長期重建,5,5,2024-12-12,85,90.0,2024-12-13,2024-12-19,-0.30483815363373523
長期重建,5,5,2025-01-17,46,53.2,2025-01-20,2025-02-04,-1.7648653412614679
長期重建,5,5,2025-03-03,141,151.2,2025-03-04,2025-03-10,-0.22058039522319106
長期重建,5,5,2025-05-02,34,34.6,2025-05-05,2025-05-09,0.3647001013482365
長期重建,5,5,2025-06-02,63,68.0,2025-06-03,2025-06-09,3.141001670871457
長期重建,5,5,2025-07-07,53,60.2,2025-07-08,2025-07-14,1.0695555212921093
長期重建,5,5,2025-08-07,98,99.4,2025-08-08,2025-08-14,0.8800644284575609
長期重建,5,5,2025-09-09,142,155.8,2025-09-10,2025-09-16,2.3839046885536064
長期重建,5,5,2025-10-15,63,64.6,2025-10-16,2025-10-22,1.1397971710467525
長期重建,5,5,2025-11-17,93,95.2,2025-11-18,2025-11-24,-2.951842521530257
長期重建,5,5,2025-12-23,115,119.2,2025-12-24,2025-12-31,2.043397580505091
長期重建,5,5,2026-01-22,125,129.6,2026-01-23,2026-01-29,2.351459336111472
長期重建,5,5,2026-03-05,110,113.4,2026-03-06,2026-03-12,0.29243870345005973
長期重建,5,5,2026-04-14,167,167.4,2026-04-15,2026-04-21,3.398488442527192
長期重建,5,5,2026-05-15,172,176.6,2026-05-18,2026-05-22,2.8522365534986216
長期重建,5,5,2026-06-26,149,149.4,2026-06-29,2026-07-03,4.901489657653002
長期重建,5,5,2026-07-30,72,79.2,2026-07-31,2026-08-06,6.696136856137658
長期重建,5,10,2023-12-05,127,134.0,2023-12-06,2023-12-19,1.3593936157574982
長期重建,5,10,2024-01-08,45,53.8,2024-01-09,2024-01-22,1.3061971863022492
長期重建,5,10,2024-02-05,83,88.2,2024-02-15,2024-02-29,1.619763775519778
長期重建,5,10,2024-03-21,90,97.0,2024-03-22,2024-04-08,0.9175536252858052
長期重建,5,10,2024-04-23,156,158.6,2024-04-24,2024-05-08,4.704240569010532
長期重建,5,10,2024-05-23,111,116.0,2024-05-24,2024-06-06,2.1453951396910975
長期重建,5,10,2024-06-25,103,107.4,2024-06-26,2024-07-09,4.1916736745141625
長期重建,5,10,2024-09-05,137,157.8,2024-09-06,2024-09-20,4.252885730483236
長期重建,5,10,2024-10-08,91,94.2,2024-10-09,2024-10-23,3.081613116833948
長期重建,5,10,2024-11-14,72,78.0,2024-11-15,2024-11-28,-2.056519250796429
長期重建,5,10,2024-12-12,85,90.0,2024-12-13,2024-12-26,1.0632382663177786
長期重建,5,10,2025-01-17,46,53.2,2025-01-20,2025-02-11,0.778245667566102
長期重建,5,10,2025-03-03,141,151.2,2025-03-04,2025-03-17,-1.733410932613011
長期重建,5,10,2025-05-02,34,34.6,2025-05-05,2025-05-16,4.820999431835626
長期重建,5,10,2025-06-02,63,68.0,2025-06-03,2025-06-16,4.3698258601674755
長期重建,5,10,2025-07-07,53,60.2,2025-07-08,2025-07-21,4.312321653225726
長期重建,5,10,2025-08-07,98,99.4,2025-08-08,2025-08-21,-0.2685351474300379
長期重建,5,10,2025-09-09,142,155.8,2025-09-10,2025-09-23,4.851579203032164
長期重建,5,10,2025-10-15,63,64.6,2025-10-16,2025-10-30,3.4758710802668347
長期重建,5,10,2025-11-17,93,95.2,2025-11-18,2025-12-01,0.11764748960101379
長期重建,5,10,2025-12-23,115,119.2,2025-12-24,2026-01-08,6.965075971661094
長期重建,5,10,2026-01-22,125,129.6,2026-01-23,2026-02-05,0.0393220624767876
長期重建,5,10,2026-03-05,110,113.4,2026-03-06,2026-03-19,0.614443819932764
長期重建,5,10,2026-04-14,167,167.4,2026-04-15,2026-04-28,8.668400189061543
長期重建,5,10,2026-05-15,172,176.6,2026-05-18,2026-05-29,8.850340496916731
長期重建,5,10,2026-06-26,149,149.4,2026-06-29,2026-07-13,1.7618866410687772
長期重建,5,10,2026-07-30,72,79.2,2026-07-31,2026-08-13,10.60088088533615
長期重建,5,20,2023-12-05,127,134.0,2023-12-06,2024-01-03,1.2599750184824066
長期重建,5,20,2024-01-08,45,53.8,2024-01-09,2024-02-05,2.903943043661217
長期重建,5,20,2024-02-05,83,88.2,2024-02-15,2024-03-14,6.822970942085083
長期重建,5,20,2024-03-21,90,97.0,2024-03-22,2024-04-22,-4.057125176576182
長期重建,5,20,2024-04-23,156,158.6,2024-04-24,2024-05-22,9.01026076277438
長期重建,5,20,2024-05-23,111,116.0,2024-05-24,2024-06-21,8.444470767866141
長期重建,5,20,2024-06-25,103,107.4,2024-06-26,2024-07-23,-0.29090741053169333
長期重建,5,20,2024-09-05,137,157.8,2024-09-06,2024-10-08,6.379258025588719
長期重建,5,20,2024-10-08,91,94.2,2024-10-09,2024-11-07,3.408774153306271
長期重建,5,20,2024-11-14,72,78.0,2024-11-15,2024-12-12,1.2284826664429538
長期重建,5,20,2024-12-12,85,90.0,2024-12-13,2025-01-10,0.041256618339780005
長期重建,5,20,2025-01-17,46,53.2,2025-01-20,2025-02-25,0.3544728439323963
長期重建,5,20,2025-03-03,141,151.2,2025-03-04,2025-03-31,-8.05418325277224
長期重建,5,20,2025-05-02,34,34.6,2025-05-05,2025-06-02,0.7854008629955889
長期重建,5,20,2025-06-02,63,68.0,2025-06-03,2025-06-30,5.345463323661526
長期重建,5,20,2025-07-07,53,60.2,2025-07-08,2025-08-04,4.48384739661194
長期重建,5,20,2025-08-07,98,99.4,2025-08-08,2025-09-04,0.6376253035691448
長期重建,5,20,2025-09-09,142,155.8,2025-09-10,2025-10-09,9.064238713244333
長期重建,5,20,2025-10-15,63,64.6,2025-10-16,2025-11-13,2.0713076482991033
長期重建,5,20,2025-11-17,93,95.2,2025-11-18,2025-12-15,2.037831741754048
長期重建,5,20,2025-12-23,115,119.2,2025-12-24,2026-01-22,11.846519875378792
長期重建,5,20,2026-01-22,125,129.6,2026-01-23,2026-03-03,7.974136778491281
長期重建,5,20,2026-03-05,110,113.4,2026-03-06,2026-04-02,-2.7222304185230306
長期重建,5,20,2026-04-14,167,167.4,2026-04-15,2026-05-13,13.76275086192651
長期重建,5,20,2026-05-15,172,176.6,2026-05-18,2026-06-12,7.478181479284274
長期重建,5,20,2026-06-26,149,149.4,2026-06-29,2026-07-27,-2.154107170767172
長期重建,5,20,2026-07-30,72,79.2,2026-07-31,2026-08-27,10.489706782509467
長期重建,10,5,2023-12-15,124,148.1,2023-12-18,2023-12-22,-0.2337585171897194
長期重建,10,5,2024-01-25,67,67.8,2024-01-26,2024-02-01,-0.09635571884812899
長期重建,10,5,2024-03-07,143,149.4,2024-03-08,2024-03-14,-0.1430897468708947
長期重建,10,5,2024-04-24,137,151.1,2024-04-25,2024-05-02,1.097035444683292
長期重建,10,5,2024-06-05,132,134.5,2024-06-06,2024-06-13,2.0859594081843458
長期重建,10,5,2024-07-22,149,153.0,2024-07-23,2024-07-31,-1.4008594365915727
長期重建,10,5,2024-09-05,137,145.5,2024-09-06,2024-09-12,1.8715200101620866
長期重建,10,5,2024-10-08,91,95.5,2024-10-09,2024-10-16,1.6513106541144573
長期重建,10,5,2024-11-15,71,71.5,2024-11-18,2024-11-22,0.9269426754960453
長期重建,10,5,2024-12-23,74,79.0,2024-12-24,2024-12-30,-0.30325776394044546
長期重建,10,5,2025-03-04,126,141.5,2025-03-05,2025-03-11,-3.1071353000106217
長期重建,10,5,2025-05-19,66,71.4,2025-05-20,2025-05-26,-0.43935703352639965
長期重建,10,5,2025-06-27,52,54.8,2025-06-30,2025-07-04,0.17402446116614456
長期重建,10,5,2025-08-25,152,154.0,2025-08-26,2025-09-01,-0.6833665052629501
長期重建,10,5,2025-10-15,63,64.2,2025-10-16,2025-10-22,1.1397971710467525
長期重建,10,5,2025-11-19,84,87.2,2025-11-20,2025-11-26,0.7225614607184738
長期重建,10,5,2025-12-29,106,117.9,2025-12-30,2026-01-06,6.449281467437129
長期重建,10,5,2026-01-28,127,128.3,2026-01-29,2026-02-04,-1.639483587496282
長期重建,10,5,2026-03-10,107,107.9,2026-03-11,2026-03-17,2.1373748094163147
長期重建,10,5,2026-04-14,167,167.4,2026-04-15,2026-04-21,3.398488442527192
長期重建,10,5,2026-05-15,172,174.0,2026-05-18,2026-05-22,2.8522365534986216
長期重建,10,5,2026-06-26,149,153.3,2026-06-29,2026-07-03,4.901489657653002
長期重建,10,10,2023-12-15,124,148.1,2023-12-18,2023-12-29,1.6609157800322683
長期重建,10,10,2024-01-25,67,67.8,2024-01-26,2024-02-19,3.61603608252008
長期重建,10,10,2024-03-07,143,149.4,2024-03-08,2024-03-21,1.164951876869691
長期重建,10,10,2024-04-24,137,151.1,2024-04-25,2024-05-09,2.788431735239727
長期重建,10,10,2024-06-05,132,134.5,2024-06-06,2024-06-20,7.0916946412745485
長期重建,10,10,2024-07-22,149,153.0,2024-07-23,2024-08-07,-5.416315970641472
長期重建,10,10,2024-09-05,137,145.5,2024-09-06,2024-09-20,4.252885730483236
長期重建,10,10,2024-10-08,91,95.5,2024-10-09,2024-10-23,3.081613116833948
長期重建,10,10,2024-11-15,71,71.5,2024-11-18,2024-11-29,-1.9012107186229255
長期重建,10,10,2024-12-23,74,79.0,2024-12-24,2025-01-07,1.678923370451657
長期重建,10,10,2025-03-04,126,141.5,2025-03-05,2025-03-18,-2.226582015078904
長期重建,10,10,2025-05-19,66,71.4,2025-05-20,2025-06-03,-2.3330672104387995
長期重建,10,10,2025-06-27,52,54.8,2025-06-30,2025-07-11,1.0782674680884785
長期重建,10,10,2025-08-25,152,154.0,2025-08-26,2025-09-08,1.2790997039281438
長期重建,10,10,2025-10-15,63,64.2,2025-10-16,2025-10-30,3.4758710802668347
長期重建,10,10,2025-11-19,84,87.2,2025-11-20,2025-12-03,2.131819052060213
長期重建,10,10,2025-12-29,106,117.9,2025-12-30,2026-01-13,6.905070425869542
長期重建,10,10,2026-01-28,127,128.3,2026-01-29,2026-02-11,2.368982351052562
長期重建,10,10,2026-03-10,107,107.9,2026-03-11,2026-03-24,-1.5583263831221883
長期重建,10,10,2026-04-14,167,167.4,2026-04-15,2026-04-28,8.668400189061543
長期重建,10,10,2026-05-15,172,174.0,2026-05-18,2026-05-29,8.850340496916731
長期重建,10,10,2026-06-26,149,153.3,2026-06-29,2026-07-13,1.7618866410687772
長期重建,10,20,2023-12-15,124,148.1,2023-12-18,2024-01-15,-0.516162391582653
長期重建,10,20,2024-01-25,67,67.8,2024-01-26,2024-03-05,7.792303107402421
長期重建,10,20,2024-03-07,143,149.4,2024-03-08,2024-04-08,2.259836355814171
長期重建,10,20,2024-04-24,137,151.1,2024-04-25,2024-05-23,8.0209468579713
長期重建,10,20,2024-06-05,132,134.5,2024-06-06,2024-07-04,7.624405601540607
長期重建,10,20,2024-07-22,149,153.0,2024-07-23,2024-08-21,-1.229682763521689
長期重建,10,20,2024-09-05,137,145.5,2024-09-06,2024-10-08,6.379258025588719
長期重建,10,20,2024-10-08,91,95.5,2024-10-09,2024-11-07,3.408774153306271
長期重建,10,20,2024-11-15,71,71.5,2024-11-18,2024-12-13,1.438796930989561
長期重建,10,20,2024-12-23,74,79.0,2024-12-24,2025-01-21,0.1688252394377754
長期重建,10,20,2025-03-04,126,141.5,2025-03-05,2025-04-01,-6.579302037064205
長期重建,10,20,2025-05-19,66,71.4,2025-05-20,2025-06-17,2.681168900511799
長期重建,10,20,2025-06-27,52,54.8,2025-06-30,2025-07-25,3.8032586158102344
長期重建,10,20,2025-08-25,152,154.0,2025-08-26,2025-09-22,6.779781296312781
長期重建,10,20,2025-10-15,63,64.2,2025-10-16,2025-11-13,2.0713076482991033
長期重建,10,20,2025-11-19,84,87.2,2025-11-20,2025-12-17,1.1474700794586123
長期重建,10,20,2025-12-29,106,117.9,2025-12-30,2026-01-27,12.5126114841271
長期重建,10,20,2026-01-28,127,128.3,2026-01-29,2026-03-09,-2.185937500951929
長期重建,10,20,2026-03-10,107,107.9,2026-03-11,2026-04-09,5.230150845993897
長期重建,10,20,2026-04-14,167,167.4,2026-04-15,2026-05-13,13.76275086192651
長期重建,10,20,2026-05-15,172,174.0,2026-05-18,2026-06-12,7.478181479284274
長期重建,10,20,2026-06-26,149,153.3,2026-06-29,2026-07-27,-2.154107170767172
長期重建,20,5,2023-12-15,124,126.3,2023-12-18,2023-12-22,-0.2337585171897194
長期重建,20,5,2024-01-19,60,63.2,2024-01-22,2024-01-26,1.2619029665552173
長期重建,20,5,2024-03-08,111,125.1,2024-03-11,2024-03-15,0.053883966469925326
長期重建,20,5,2024-05-07,151,152.25,2024-05-08,2024-05-14,1.8523911167539708
長期重建,20,5,2024-06-06,122,127.75,2024-06-07,2024-06-14,3.1209304414208106
長期重建,20,5,2024-07-23,131,136.2,2024-07-26,2024-08-01,1.9596135080355515
長期重建,20,5,2024-09-10,111,122.3,2024-09-11,2024-09-18,2.796030950468431
長期重建,20,5,2024-10-18,69,94.1,2024-10-21,2024-10-25,-1.0783807807319246
長期重建,20,5,2024-12-10,76,84.4,2024-12-11,2024-12-17,-0.3909840421388755
長期重建,20,5,2025-01-09,55,74.85,2025-01-10,2025-01-16,-0.18363530271646722
長期重建,20,5,2025-03-07,112,122.9,2025-03-10,2025-03-14,-2.576302786201412
長期重建,20,5,2025-05-28,61,67.0,2025-05-29,2025-06-05,0.6647999260610993
長期重建,20,5,2025-06-27,52,57.5,2025-06-30,2025-07-04,0.17402446116614456
長期重建,20,5,2025-09-04,157,160.75,2025-09-05,2025-09-11,4.006927825390427
長期重建,20,5,2025-10-21,66,70.4,2025-10-22,2025-10-29,2.46479064507239
長期重建,20,5,2025-11-20,75,82.05,2025-11-21,2025-11-27,2.7311938683101777
長期重建,20,5,2025-12-29,106,107.0,2025-12-30,2026-01-06,6.449281467437129
長期重建,20,5,2026-02-04,116,120.85,2026-02-05,2026-02-11,4.230771139433354
長期重建,20,5,2026-04-02,159,171.15,2026-04-07,2026-04-13,8.526600537716034
長期重建,20,5,2026-05-07,167,170.7,2026-05-08,2026-05-14,-0.32058421387751723
長期重建,20,5,2026-06-08,181,203.8,2026-06-09,2026-06-15,3.912710282684184
長期重建,20,5,2026-07-08,140,157.75,2026-07-09,2026-07-16,-0.39436208919342297
長期重建,20,10,2023-12-15,124,126.3,2023-12-18,2023-12-29,1.6609157800322683
長期重建,20,10,2024-01-19,60,63.2,2024-01-22,2024-02-02,1.6271092208670623
長期重建,20,10,2024-03-08,111,125.1,2024-03-11,2024-03-22,2.829060741463696
長期重建,20,10,2024-05-07,151,152.25,2024-05-08,2024-05-21,3.0701051922473965
長期重建,20,10,2024-06-06,122,127.75,2024-06-07,2024-06-21,6.551479543723726
長期重建,20,10,2024-07-23,131,136.2,2024-07-26,2024-08-08,-6.019877578755828
長期重建,20,10,2024-09-10,111,122.3,2024-09-11,2024-09-25,7.930227728152528
長期重建,20,10,2024-10-18,69,94.1,2024-10-21,2024-11-04,-2.70131144457183
長期重建,20,10,2024-12-10,76,84.4,2024-12-11,2024-12-24,0.05140996591710412
長期重建,20,10,2025-01-09,55,74.85,2025-01-10,2025-02-03,-1.6159126319065908
長期重建,20,10,2025-03-07,112,122.9,2025-03-10,2025-03-21,-1.507296560642657
長期重建,20,10,2025-05-28,61,67.0,2025-05-29,2025-06-12,3.513630627797948
長期重建,20,10,2025-06-27,52,57.5,2025-06-30,2025-07-11,1.0782674680884785
長期重建,20,10,2025-09-04,157,160.75,2025-09-05,2025-09-18,6.290561147257123
長期重建,20,10,2025-10-21,66,70.4,2025-10-22,2025-11-05,0.3728166506181019
長期重建,20,10,2025-11-20,75,82.05,2025-11-21,2025-12-04,3.6303821083984333
長期重建,20,10,2025-12-29,106,107.0,2025-12-30,2026-01-13,6.905070425869542
長期重建,20,10,2026-02-04,116,120.85,2026-02-05,2026-03-02,8.850201168426896
長期重建,20,10,2026-04-02,159,171.15,2026-04-07,2026-04-20,13.12237692032694
長期重建,20,10,2026-05-07,167,170.7,2026-05-08,2026-05-21,-1.2362594401999938
長期重建,20,10,2026-06-08,181,203.8,2026-06-09,2026-06-23,7.812350501125942
長期重建,20,10,2026-07-08,140,157.75,2026-07-09,2026-07-23,-2.0844822098249227
長期重建,20,20,2023-12-15,124,126.3,2023-12-18,2024-01-15,-0.516162391582653
長期重建,20,20,2024-01-19,60,63.2,2024-01-22,2024-02-27,6.097819004005456
長期重建,20,20,2024-03-08,111,125.1,2024-03-11,2024-04-09,5.715258820957803
長期重建,20,20,2024-05-07,151,152.25,2024-05-08,2024-06-04,3.651880346609282
長期重建,20,20,2024-06-06,122,127.75,2024-06-07,2024-07-05,7.940799922286046
長期重建,20,20,2024-07-23,131,136.2,2024-07-26,2024-08-22,-0.2616300407125127
長期重建,20,20,2024-09-10,111,122.3,2024-09-11,2024-10-14,8.943496143520036
長期重建,20,20,2024-10-18,69,94.1,2024-10-21,2024-11-18,-4.475875503855864
長期重建,20,20,2024-12-10,76,84.4,2024-12-11,2025-01-08,1.2937742011981834
長期重建,20,20,2025-01-09,55,74.85,2025-01-10,2025-02-17,1.8982150613895188
長期重建,20,20,2025-03-07,112,122.9,2025-03-10,2025-04-08,-18.133990983184155
長期重建,20,20,2025-05-28,61,67.0,2025-05-29,2025-06-26,4.463504044578848
長期重建,20,20,2025-06-27,52,57.5,2025-06-30,2025-07-25,3.8032586158102344
長期重建,20,20,2025-09-04,157,160.75,2025-09-05,2025-10-03,10.381013897722614
長期重建,20,20,2025-10-21,66,70.4,2025-10-22,2025-11-19,-3.744426309593185
長期重建,20,20,2025-11-20,75,82.05,2025-11-21,2025-12-18,2.4105611929325033
長期重建,20,20,2025-12-29,106,107.0,2025-12-30,2026-01-27,12.5126114841271
長期重建,20,20,2026-02-04,116,120.85,2026-02-05,2026-03-16,3.414435493976131
長期重建,20,20,2026-04-02,159,171.15,2026-04-07,2026-05-05,24.7854094330475
長期重建,20,20,2026-05-07,167,170.7,2026-05-08,2026-06-04,9.051776928966525
長期重建,20,20,2026-06-08,181,203.8,2026-06-09,2026-07-07,4.100681154066077
長期重建,20,20,2026-07-08,140,157.75,2026-07-09,2026-08-06,-3.075867109756414
網站已存,5,5,2025-09-01,178,192.8,2025-09-02,2025-09-08,1.797635388717711
網站已存,5,5,2025-10-01,64,70.2,2025-10-02,2025-10-09,3.4464963468525456
網站已存,5,5,2025-11-07,71,76.0,2025-11-10,2025-11-14,-1.4672292897764394
網站已存,5,5,2025-12-23,115,119.2,2025-12-24,2025-12-31,2.043397580505091
網站已存,5,5,2026-01-22,125,129.6,2026-01-23,2026-01-29,2.351459336111472
網站已存,5,5,2026-03-05,110,113.4,2026-03-06,2026-03-12,0.29243870345005973
網站已存,5,5,2026-04-14,167,167.4,2026-04-15,2026-04-21,3.398488442527192
網站已存,5,5,2026-05-15,172,176.6,2026-05-18,2026-05-22,2.8522365534986216
網站已存,5,5,2026-06-26,149,149.4,2026-06-29,2026-07-03,4.901489657653002
網站已存,5,5,2026-07-30,72,79.2,2026-07-31,2026-08-06,6.696136856137658
網站已存,5,10,2025-09-01,178,192.8,2025-09-02,2025-09-15,5.155781520202041
網站已存,5,10,2025-10-01,64,70.2,2025-10-02,2025-10-17,3.4482013889651775
網站已存,5,10,2025-11-07,71,76.0,2025-11-10,2025-11-21,-4.928994187114988
網站已存,5,10,2025-12-23,115,119.2,2025-12-24,2026-01-08,6.965075971661094
網站已存,5,10,2026-01-22,125,129.6,2026-01-23,2026-02-05,0.0393220624767876
網站已存,5,10,2026-03-05,110,113.4,2026-03-06,2026-03-19,0.614443819932764
網站已存,5,10,2026-04-14,167,167.4,2026-04-15,2026-04-28,8.668400189061543
網站已存,5,10,2026-05-15,172,176.6,2026-05-18,2026-05-29,8.850340496916731
網站已存,5,10,2026-06-26,149,149.4,2026-06-29,2026-07-13,1.7618866410687772
網站已存,5,10,2026-07-30,72,79.2,2026-07-31,2026-08-13,10.60088088533615
網站已存,5,20,2025-09-01,178,192.8,2025-09-02,2025-09-30,7.0774117832453465
網站已存,5,20,2025-10-01,64,70.2,2025-10-02,2025-11-03,7.359264876776606
網站已存,5,20,2025-11-07,71,76.0,2025-11-10,2025-12-05,0.6308830600597615
網站已存,5,20,2025-12-23,115,119.2,2025-12-24,2026-01-22,11.846519875378792
網站已存,5,20,2026-01-22,125,129.6,2026-01-23,2026-03-03,7.974136778491281
網站已存,5,20,2026-03-05,110,113.4,2026-03-06,2026-04-02,-2.7222304185230306
網站已存,5,20,2026-04-14,167,167.4,2026-04-15,2026-05-13,13.76275086192651
網站已存,5,20,2026-05-15,172,176.6,2026-05-18,2026-06-12,7.478181479284274
網站已存,5,20,2026-06-26,149,149.4,2026-06-29,2026-07-27,-2.154107170767172
網站已存,5,20,2026-07-30,72,79.2,2026-07-31,2026-08-27,10.489706782509467
網站已存,10,5,2025-09-02,162,174.3,2025-09-03,2025-09-09,3.4043519791254084
網站已存,10,5,2025-10-15,63,64.2,2025-10-16,2025-10-22,1.1397971710467525
網站已存,10,5,2025-11-19,84,87.3,2025-11-20,2025-11-26,0.7225614607184738
網站已存,10,5,2025-12-29,106,117.9,2025-12-30,2026-01-06,6.449281467437129
網站已存,10,5,2026-01-28,127,128.3,2026-01-29,2026-02-04,-1.639483587496282
網站已存,10,5,2026-03-10,107,107.9,2026-03-11,2026-03-17,2.1373748094163147
網站已存,10,5,2026-04-14,167,167.4,2026-04-15,2026-04-21,3.398488442527192
網站已存,10,5,2026-05-15,172,174.0,2026-05-18,2026-05-22,2.8522365534986216
網站已存,10,5,2026-06-26,149,153.3,2026-06-29,2026-07-03,4.901489657653002
網站已存,10,10,2025-09-02,162,174.3,2025-09-03,2025-09-16,6.626317558684813
網站已存,10,10,2025-10-15,63,64.2,2025-10-16,2025-10-30,3.4758710802668347
網站已存,10,10,2025-11-19,84,87.3,2025-11-20,2025-12-03,2.131819052060213
網站已存,10,10,2025-12-29,106,117.9,2025-12-30,2026-01-13,6.905070425869542
網站已存,10,10,2026-01-28,127,128.3,2026-01-29,2026-02-11,2.368982351052562
網站已存,10,10,2026-03-10,107,107.9,2026-03-11,2026-03-24,-1.5583263831221883
網站已存,10,10,2026-04-14,167,167.4,2026-04-15,2026-04-28,8.668400189061543
網站已存,10,10,2026-05-15,172,174.0,2026-05-18,2026-05-29,8.850340496916731
網站已存,10,10,2026-06-26,149,153.3,2026-06-29,2026-07-13,1.7618866410687772
網站已存,10,20,2025-09-02,162,174.3,2025-09-03,2025-10-01,8.09601745318027
網站已存,10,20,2025-10-15,63,64.2,2025-10-16,2025-11-13,2.0713076482991033
網站已存,10,20,2025-11-19,84,87.3,2025-11-20,2025-12-17,1.1474700794586123
網站已存,10,20,2025-12-29,106,117.9,2025-12-30,2026-01-27,12.5126114841271
網站已存,10,20,2026-01-28,127,128.3,2026-01-29,2026-03-09,-2.185937500951929
網站已存,10,20,2026-03-10,107,107.9,2026-03-11,2026-04-09,5.230150845993897
網站已存,10,20,2026-04-14,167,167.4,2026-04-15,2026-05-13,13.76275086192651
網站已存,10,20,2026-05-15,172,174.0,2026-05-18,2026-06-12,7.478181479284274
網站已存,10,20,2026-06-26,149,153.3,2026-06-29,2026-07-27,-2.154107170767172
網站已存,20,5,2025-09-04,157,160.4,2025-09-05,2025-09-11,4.006927825390427
網站已存,20,5,2025-10-21,66,70.4,2025-10-22,2025-10-29,2.46479064507239
網站已存,20,5,2025-11-20,75,82.2,2025-11-21,2025-11-27,2.7311938683101777
網站已存,20,5,2025-12-29,106,107.0,2025-12-30,2026-01-06,6.449281467437129
網站已存,20,5,2026-02-04,116,120.85,2026-02-05,2026-02-11,4.230771139433354
網站已存,20,5,2026-04-02,159,171.15,2026-04-07,2026-04-13,8.526600537716034
網站已存,20,5,2026-05-07,167,170.7,2026-05-08,2026-05-14,-0.32058421387751723
網站已存,20,5,2026-06-08,181,203.75,2026-06-09,2026-06-15,3.912710282684184
網站已存,20,5,2026-07-08,140,157.75,2026-07-09,2026-07-16,-0.39436208919342297
網站已存,20,10,2025-09-04,157,160.4,2025-09-05,2025-09-18,6.290561147257123
網站已存,20,10,2025-10-21,66,70.4,2025-10-22,2025-11-05,0.3728166506181019
網站已存,20,10,2025-11-20,75,82.2,2025-11-21,2025-12-04,3.6303821083984333
網站已存,20,10,2025-12-29,106,107.0,2025-12-30,2026-01-13,6.905070425869542
網站已存,20,10,2026-02-04,116,120.85,2026-02-05,2026-03-02,8.850201168426896
網站已存,20,10,2026-04-02,159,171.15,2026-04-07,2026-04-20,13.12237692032694
網站已存,20,10,2026-05-07,167,170.7,2026-05-08,2026-05-21,-1.2362594401999938
網站已存,20,10,2026-06-08,181,203.75,2026-06-09,2026-06-23,7.812350501125942
網站已存,20,10,2026-07-08,140,157.75,2026-07-09,2026-07-23,-2.0844822098249227
網站已存,20,20,2025-09-04,157,160.4,2025-09-05,2025-10-03,10.381013897722614
網站已存,20,20,2025-10-21,66,70.4,2025-10-22,2025-11-19,-3.744426309593185
網站已存,20,20,2025-11-20,75,82.2,2025-11-21,2025-12-18,2.4105611929325033
網站已存,20,20,2025-12-29,106,107.0,2025-12-30,2026-01-27,12.5126114841271
網站已存,20,20,2026-02-04,116,120.85,2026-02-05,2026-03-16,3.414435493976131
網站已存,20,20,2026-04-02,159,171.15,2026-04-07,2026-05-05,24.7854094330475
網站已存,20,20,2026-05-07,167,170.7,2026-05-08,2026-06-04,9.051776928966525
網站已存,20,20,2026-06-08,181,203.75,2026-06-09,2026-07-07,4.100681154066077
網站已存,20,20,2026-07-08,140,157.75,2026-07-09,2026-08-06,-3.075867109756414
