date,count,universe,pct
2025-08-13,132,1887,7.0
2025-08-14,122,1890,6.46
2025-08-15,139,1892,7.35
2025-08-18,152,1888,8.05
2025-08-19,156,1892,8.25
2025-08-20,141,1883,7.49
2025-08-21,142,1896,7.49
2025-08-22,141,1882,7.49
2025-08-25,139,1896,7.33
2025-08-26,157,1895,8.28
2025-08-27,178,1896,9.39
2025-08-28,189,1891,9.99
2025-08-29,182,1887,9.64
2025-09-01,160,1890,8.47
2025-09-02,146,1880,7.77
2025-09-03,150,1891,7.93
2025-09-04,142,1887,7.53
2025-09-05,138,1885,7.32
2025-09-08,138,1887,7.31
2025-09-09,128,1892,6.77
2025-09-10,135,1892,7.14
2025-09-11,115,1894,6.07
2025-09-12,94,1898,4.95
2025-09-15,92,1886,4.88
2025-09-16,94,1889,4.98
2025-09-17,94,1892,4.97
2025-09-18,92,1891,4.87
2025-09-19,89,1894,4.7
2025-09-22,86,1890,4.55
2025-09-23,73,1899,3.84
2025-09-24,70,1886,3.71
2025-09-25,58,1876,3.09
2025-09-26,56,1884,2.97
2025-09-30,65,1880,3.46
2025-10-01,56,1886,2.97
2025-10-02,57,1883,3.03
2025-10-03,54,1889,2.86
2025-10-07,58,1897,3.06
2025-10-08,55,1887,2.91
2025-10-09,64,1897,3.37
2025-10-13,63,1889,3.34
2025-10-14,59,1893,3.12
2025-10-15,59,1890,3.12
2025-10-16,61,1900,3.21
2025-10-17,62,1885,3.29
2025-10-20,68,1895,3.59
2025-10-21,63,1901,3.31
2025-10-22,64,1889,3.39
2025-10-23,72,1893,3.8
2025-10-27,84,1897,4.43
2025-10-28,76,1901,4.0
2025-10-29,66,1899,3.48
2025-10-30,69,1895,3.64
2025-10-31,62,1900,3.26
2025-11-03,69,1895,3.64
2025-11-04,61,1884,3.24
2025-11-05,74,1886,3.92
2025-11-06,81,1894,4.28
2025-11-07,67,1887,3.55
2025-11-10,63,1884,3.34
2025-11-11,73,1899,3.84
2025-11-12,94,1892,4.97
2025-11-13,100,1895,5.28
2025-11-14,94,1893,4.97
2025-11-17,87,1903,4.57
2025-11-18,84,1895,4.43
2025-11-19,82,1896,4.32
2025-11-20,72,1893,3.8
2025-11-21,63,1888,3.34
2025-11-24,74,1896,3.9
2025-11-25,74,1901,3.89
2025-11-26,75,1908,3.93
2025-11-27,82,1893,4.33
2025-11-28,91,1900,4.79
2025-12-01,95,1895,5.01
2025-12-02,89,1902,4.68
2025-12-03,91,1900,4.79
2025-12-04,83,1898,4.37
2025-12-05,75,1896,3.96
2025-12-08,91,1897,4.8
2025-12-09,95,1896,5.01
2025-12-10,84,1904,4.41
2025-12-11,92,1905,4.83
2025-12-12,90,1902,4.73
2025-12-15,109,1900,5.74
2025-12-16,108,1910,5.65
2025-12-17,115,1906,6.03
2025-12-18,106,1899,5.58
2025-12-19,110,1906,5.77
2025-12-22,116,1909,6.08
2025-12-23,111,1914,5.8
2025-12-24,116,1911,6.07
2025-12-26,116,1909,6.08
2025-12-29,98,1919,5.11
2025-12-30,102,1913,5.33
2025-12-31,104,1923,5.41
2026-01-02,110,1924,5.72
2026-01-05,92,1926,4.78
2026-01-06,93,1924,4.83
2026-01-07,99,1924,5.15
2026-01-08,95,1919,4.95
2026-01-09,98,1914,5.12
2026-01-12,98,1930,5.08
2026-01-13,109,1926,5.66
2026-01-14,107,1930,5.54
2026-01-15,122,1930,6.32
2026-01-16,110,1930,5.7
2026-01-19,127,1938,6.55
2026-01-20,139,1926,7.22
2026-01-21,127,1920,6.61
2026-01-22,120,1933,6.21
2026-01-23,115,1924,5.98
2026-01-26,128,1933,6.62
2026-01-27,124,1934,6.41
2026-01-28,121,1930,6.27
2026-01-29,123,1926,6.39
2026-01-30,117,1931,6.06
2026-02-02,119,1928,6.17
2026-02-03,116,1928,6.02
2026-02-04,111,1927,5.76
2026-02-05,107,1929,5.55
2026-02-06,85,1928,4.41
2026-02-09,77,1926,4.0
2026-02-10,72,1935,3.72
2026-02-11,61,1939,3.15
2026-02-23,69,1941,3.55
2026-02-24,85,1939,4.38
2026-02-25,88,1941,4.53
2026-02-26,96,1944,4.94
2026-03-02,115,1936,5.94
2026-03-03,119,1942,6.13
2026-03-04,107,1936,5.53
2026-03-05,103,1935,5.32
2026-03-06,110,1931,5.7
2026-03-09,101,1931,5.23
2026-03-10,98,1936,5.06
2026-03-11,110,1938,5.68
2026-03-12,141,1933,7.29
2026-03-13,152,1937,7.85
2026-03-16,145,1936,7.49
2026-03-17,153,1938,7.89
2026-03-18,171,1939,8.82
2026-03-19,208,1934,10.75
2026-03-20,231,1931,11.96
2026-03-23,221,1933,11.43
2026-03-24,187,1929,9.69
2026-03-25,201,1940,10.36
2026-03-26,192,1930,9.95
2026-03-27,197,1919,10.27
2026-03-30,178,1928,9.23
2026-03-31,155,1935,8.01
2026-04-01,158,1943,8.13
2026-04-02,154,1928,7.99
2026-04-07,142,1935,7.34
2026-04-08,152,1939,7.84
2026-04-09,161,1934,8.32
2026-04-10,167,1937,8.62
2026-04-13,180,1937,9.29
2026-04-14,162,1946,8.32
2026-04-15,162,1941,8.35
2026-04-16,154,1945,7.92
2026-04-17,178,1944,9.16
2026-04-20,200,1948,10.27
2026-04-21,186,1949,9.54
2026-04-22,225,1947,11.56
2026-04-23,193,1950,9.9
2026-04-24,138,1939,7.12
2026-04-27,126,1940,6.49
2026-04-28,131,1934,6.77
2026-04-29,137,1940,7.06
2026-04-30,167,1942,8.6
2026-05-04,168,1950,8.62
2026-05-05,185,1944,9.52
2026-05-06,174,1952,8.91
2026-05-07,164,1950,8.41
2026-05-08,151,1949,7.75
2026-05-11,177,1955,9.05
2026-05-12,171,1957,8.74
2026-05-13,177,1940,9.12
2026-05-14,171,1953,8.76
2026-05-15,167,1953,8.55
2026-05-18,150,1949,7.7
2026-05-19,140,1944,7.2
2026-05-20,151,1942,7.78
2026-05-21,155,1954,7.93
2026-05-22,218,1961,11.12
2026-05-25,246,1960,12.55
2026-05-26,269,1957,13.75
2026-05-27,245,1958,12.51
2026-05-28,235,1962,11.98
2026-05-29,220,1963,11.21
2026-06-01,235,1961,11.98
2026-06-02,209,1959,10.67
2026-06-03,218,1963,11.11
2026-06-04,223,1955,11.41
2026-06-05,202,1957,10.32
2026-06-08,174,1953,8.91
2026-06-09,179,1953,9.17
2026-06-10,165,1955,8.44
2026-06-11,171,1959,8.73
2026-06-12,169,1953,8.65
2026-06-15,160,1958,8.17
2026-06-16,138,1959,7.04
2026-06-17,145,1954,7.42
2026-06-18,152,1955,7.77
2026-06-22,132,1963,6.72
2026-06-23,138,1955,7.06
2026-06-24,147,1954,7.52
2026-06-25,158,1954,8.09
2026-06-26,143,1955,7.31
2026-06-29,136,1952,6.97
2026-06-30,141,1956,7.21
2026-07-01,132,1957,6.75
2026-07-02,151,1949,7.75
2026-07-03,177,1962,9.02
2026-07-06,181,1962,9.23
2026-07-07,164,1959,8.37
2026-07-08,137,1955,7.01
2026-07-09,131,1955,6.7
2026-07-13,117,1956,5.98
2026-07-14,110,1953,5.63
2026-07-15,106,1954,5.42
2026-07-16,108,1951,5.54
2026-07-17,92,1957,4.7
2026-07-20,83,1955,4.25
2026-07-21,95,1951,4.87
2026-07-22,82,1957,4.19
2026-07-23,63,1946,3.24
2026-07-24,71,1946,3.65
2026-07-27,68,1936,3.51
2026-07-28,67,1947,3.44
2026-07-29,70,1958,3.58
2026-07-30,63,1945,3.24
2026-07-31,52,1961,2.65
2026-08-03,47,1942,2.42
2026-08-04,50,1946,2.57
2026-08-05,45,1952,2.31
2026-08-06,48,1950,2.46
2026-08-07,55,1945,2.83
2026-08-10,60,1958,3.06
2026-08-11,66,1959,3.37
2026-08-12,77,1955,3.94
2026-08-13,89,1963,4.53
2026-08-14,72,1954,3.68
2026-08-17,98,1959,5.0
2026-08-18,89,1948,4.57
2026-08-19,97,1945,4.99
2026-08-20,98,1950,5.03
2026-08-21,93,1957,4.75
2026-08-24,99,1944,5.09
2026-08-25,107,1943,5.51
2026-08-26,120,1957,6.13
2026-08-27,133,1952,6.81
2026-08-28,147,1955,7.52
2026-08-31,126,1943,6.48
2026-09-01,113,1946,5.81
2026-09-02,130,1941,6.7
2026-09-03,97,1942,4.99
2026-09-04,96,1944,4.94
2026-09-07,80,1962,4.08
2026-09-08,76,1950,3.9
2026-09-09,82,1954,4.2
2026-09-10,84,1941,4.33
2026-09-11,75,1944,3.86
2026-09-14,81,1944,4.17
2026-09-15,71,1948,3.64
2026-09-16,83,1949,4.26
2026-09-17,86,1948,4.41
2026-09-18,99,1949,5.08
2026-09-21,104,1960,5.31
2026-09-22,101,1956,5.16
2026-09-23,83,1950,4.26
2026-09-24,91,1949,4.67
2026-09-29,96,1952,4.92
2026-09-30,120,1964,6.11
2026-10-01,117,1949,6.0
2026-10-02,121,1954,6.19
2026-10-05,132,1958,6.74
2026-10-06,115,1952,5.89
2026-10-07,124,1954,6.35
