date,dow,is_settle,F,txf_settle,txf_close,txf_oi,txf_night,call_wall,put_wall,peak,valley,micro_flip,macro_zero,gex_now,net_ratio,regime,concentration_peak,concentration_valley,concentration_peak_value,call_concentration_peak,put_concentration_peak,call_concentration_value,put_concentration_value,gamma_cluster_strike,gamma_cluster_value
2025-08-04,Mon,False,23299.0,23272.0,23260.0,88001.0,23085.0,23500.0,23000.0,23500.0,,23227.280487915665,22868.967243832365,3379811762.044036,0.1236639137653046,positive,23500.0,,1622764528.017385,23500.0,23000.0,1911871055.4217167,1682577271.69065,23500.0,2200977582.8260493
2025-08-05,Tue,False,23613.0,23577.0,23575.0,89813.0,23420.0,23700.0,23400.0,23600.0,,23512.504670754897,23025.848354406105,9477051825.463957,0.2077209798797622,positive,23700.0,,3382658609.2441845,23700.0,23500.0,3845963826.345504,2323409470.2761946,23600.0,5594144320.798668
2025-08-06,Wed,True,23461.0,23417.0,23425.0,86040.0,23398.0,23700.0,23300.0,23400.0,23100.0,23322.17012551098,22971.09367968848,2290335448.126159,0.1637229421210032,positive,23700.0,23100.0,854975345.4825791,23700.0,23300.0,898042092.3305188,603297819.0000197,23400.0,999729646.84779
2025-08-07,Thu,False,24014.0,23997.0,23997.0,88584.0,23475.0,24200.0,23900.0,24000.0,,23944.38197569002,23178.527237276383,4250680823.233422,0.1177917661260452,positive,24200.0,,1878290246.69036,24000.0,23900.0,2729136742.230178,1686635172.3515794,24000.0,4309711525.148985
2025-08-08,Fri,True,23965.0,23953.0,23949.0,85806.0,24022.0,24100.0,23650.0,24000.0,23100.0,23768.95540452752,23246.166318364027,3606851247.8526783,0.1825905791453744,positive,24100.0,23100.0,830768105.8751031,24000.0,24000.0,1420855144.0982585,810213483.1525537,24000.0,2231068627.250812
2025-08-11,Mon,False,24169.0,24148.0,24162.0,84207.0,24013.0,24300.0,23800.0,24000.0,,24002.85569352531,23426.067073262853,9526395184.23972,0.2477639157681022,positive,24300.0,,2660421818.4429107,24300.0,24000.0,2835368603.920124,2352827542.1156745,24000.0,4104339932.7501087
2025-08-12,Tue,False,24147.0,24142.0,24135.0,82714.0,24088.0,24300.0,24000.0,24000.0,,24083.51990373112,23511.341594279635,6326909640.770602,0.128233428728847,positive,24300.0,,3183197216.718364,24300.0,24000.0,3430554612.6732683,3633971844.8430943,24000.0,5477541256.604835
2025-08-13,Wed,True,24351.0,24343.0,24347.0,82242.0,24315.0,24500.0,24050.0,24500.0,,24099.597563555737,23961.54708982016,5811458296.493528,0.3011514570944385,positive,24500.0,,1350718214.6211302,24500.0,24000.0,1451260150.1736257,752802304.0212711,24500.0,1551802085.7261207
2025-08-14,Thu,False,24275.0,24252.0,24250.0,80505.0,24344.0,24500.0,24150.0,24300.0,,24235.52928789078,24106.65784678345,3224439176.678816,0.0809079597247175,positive,24500.0,,2943972046.246516,24500.0,24200.0,3151935652.8383217,2486403315.2029843,24300.0,3418948274.7221265
2025-08-15,Fri,True,24311.0,24297.0,24312.0,71601.0,24296.0,24500.0,24200.0,24200.0,,24223.329190039527,24121.21431180301,2519568445.744087,0.102048324568925,positive,24500.0,,1400323183.9774518,24500.0,24200.0,1536085593.904879,1713089901.354072,24200.0,2427278947.50076
2025-08-18,Mon,False,24424.0,24424.0,24426.0,45335.0,24155.0,24500.0,24200.0,24500.0,,24369.23610922052,24290.85108628146,4440569288.631413,0.1035909337895816,positive,24500.0,,2887346863.861703,24500.0,24200.0,3513882301.457471,2938694595.794489,24500.0,4140417739.053239
2025-08-19,Tue,False,24343.0,24288.0,24284.0,65122.0,24399.0,24500.0,24200.0,24300.0,,24361.21658070353,24300.338228101064,-2999375338.012773,0.0489885987486146,neutral,24500.0,,4993883563.319625,24500.0,24300.0,5607193648.318161,4955094539.574457,24300.0,7019712215.367947
2025-08-20,Wed,True,23720.0,23661.0,23667.0,77044.0,24147.0,24000.0,23500.0,24000.0,23100.0,23730.88910967485,23574.41359979472,-109575883.8660438,0.009973078958527,neutral,23500.0,23100.0,-434657506.3293586,24000.0,23500.0,691190816.2134998,466661295.1090826,24000.0,1054455908.8072668
2025-08-21,Thu,False,23900.0,23852.0,23852.0,78314.0,23715.0,24000.0,23700.0,24000.0,,23867.46871094683,23710.252268948563,2123691975.9464304,0.0629891139691646,positive,24000.0,,2378084656.5028267,24000.0,23800.0,3216704114.3417454,1746162602.7433565,24000.0,4055323572.180664
2025-08-22,Fri,True,23788.0,23750.0,23750.0,79917.0,23800.0,24000.0,23500.0,24000.0,23100.0,23861.740494416787,23638.14528719442,-1187975932.6155536,0.0806282162066374,negative,23500.0,23100.0,-764617263.594091,24000.0,23500.0,827559578.0003326,812911717.9403741,24000.0,1038693888.3229328
2025-08-25,Mon,False,24303.0,24255.0,24251.0,79500.0,24115.0,24400.0,24000.0,24300.0,,24220.806254686024,23860.230447657275,4550813036.475509,0.1342094080757211,positive,24400.0,,2168535055.7363024,24400.0,24000.0,2408187771.928549,1709321697.5884652,24300.0,2884113924.5322742
2025-08-26,Tue,False,24313.0,24255.0,24253.0,78136.0,24180.0,24400.0,24100.0,24300.0,,24229.04481385044,23907.0469500852,9778385372.104012,0.1897093344739057,positive,24400.0,,4699846093.305983,24400.0,24200.0,5053407756.726532,2914628690.83807,24300.0,6229104387.736765
2025-08-27,Wed,True,24511.0,24464.0,24463.0,79386.0,24356.0,24700.0,24200.0,24500.0,24100.0,24370.51846153136,23907.278946873583,1796642221.0665364,0.152411899829107,positive,24700.0,24100.0,520185825.9802578,24700.0,24200.0,565877593.5669891,436129458.9701896,24500.0,688232009.9130651
2025-08-28,Thu,False,24293.0,24224.0,24228.0,77692.0,24351.0,24500.0,24000.0,24400.0,,24321.22347755024,23994.667823643173,-1901980009.8675373,0.0639507051484825,negative,24000.0,,-1876618079.9393,24500.0,24000.0,1775126660.2792034,2101218077.654693,24400.0,2386575682.295357
2025-08-29,Fri,True,24315.0,24268.0,24267.0,76941.0,24414.0,24700.0,24000.0,24000.0,24100.0,24351.189704043216,24011.563893875093,-872650456.361197,0.050534624190816,negative,24000.0,24100.0,-1037831051.289212,24500.0,24000.0,771365734.22738,1258942373.2793126,24000.0,1480053695.269413
2025-09-01,Mon,False,24058.0,24007.0,24008.0,77422.0,24061.0,24300.0,23900.0,24000.0,,24047.509345842496,23919.6564275254,649823587.484708,0.0184228859708615,neutral,23900.0,,-2164864756.858525,24200.0,24000.0,1903839029.192405,2756068161.539349,24000.0,4268144980.168528
2025-09-02,Tue,False,24006.0,23972.0,23965.0,77919.0,24085.0,24200.0,23900.0,24000.0,,24040.002952629497,23942.53128271104,-3283472128.617705,0.0719603075701196,negative,23900.0,,-2532534783.868996,24200.0,24000.0,2630559664.09795,3943959403.346386,24000.0,5763804720.998525
2025-09-03,Wed,True,24028.0,23997.0,23997.0,78405.0,23940.0,24300.0,23500.0,24000.0,,24000.97611025062,23874.593117060103,490147137.4076976,0.0338388579944434,neutral,24300.0,,573611227.4705007,24000.0,24000.0,653922181.2612607,672931702.9654607,24000.0,1326853884.2267213
2025-09-04,Thu,False,24180.0,24130.0,24132.0,77307.0,24129.0,24300.0,24000.0,24300.0,,24192.389474038704,23990.3284312514,-1021432781.9250315,0.0278702144620098,neutral,24000.0,,-1857897603.298664,24300.0,24000.0,2471550125.935672,2497765297.7934628,24300.0,3210325635.3558426
2025-09-05,Fri,True,24458.0,24424.0,24419.0,77754.0,24335.0,24700.0,24000.0,24500.0,24100.0,24290.975510540666,24104.014992240394,3603782294.39994,0.1962805255201574,positive,24700.0,24100.0,1094326641.254031,24500.0,24000.0,1257383215.5122893,879163165.0554718,24500.0,1522638380.7189207
2025-09-08,Mon,False,24586.0,24556.0,24551.0,77312.0,24478.0,24800.0,24200.0,24700.0,,24533.39844140868,24243.21494384908,3408971606.3786755,0.0967959692833252,positive,24800.0,,2437751333.9781804,24800.0,24200.0,2566444365.152028,1379287230.7521338,24700.0,2850782613.873062
2025-09-09,Tue,False,24833.0,24803.0,24802.0,79446.0,24712.0,24900.0,24650.0,24800.0,,24732.16835192662,24393.188106015365,10798842509.840118,0.2042172020730606,positive,24900.0,,3890143661.89778,24800.0,24700.0,4767394979.898582,2660309340.295158,24800.0,7317376709.149706
2025-09-10,Wed,True,25194.0,25176.0,25178.0,81079.0,24977.0,25500.0,24850.0,25200.0,,24972.71025666193,24606.941921939208,3502146374.695429,0.2040470816796879,positive,25500.0,,1119845357.7603676,25500.0,25000.0,1156623217.7461326,765742214.5534257,25000.0,1431964643.7482758
2025-09-11,Thu,False,25259.0,25233.0,25240.0,80304.0,25361.0,25500.0,25000.0,25200.0,,25211.12475529865,24923.137052221857,2603220900.911092,0.0714814057447508,positive,25500.0,,2270597328.679822,25500.0,25200.0,2587568394.824277,1859710373.003625,25200.0,3065624494.893182
2025-09-12,Fri,True,25460.0,25458.0,25459.0,73194.0,25409.0,26000.0,25000.0,25500.0,25300.0,25237.63292576414,25011.43291994412,4343261641.988484,0.2242629151642103,positive,26000.0,25300.0,1197871589.2876306,26000.0,25000.0,1209369594.372702,718827131.6944185,25500.0,1352211699.5613556
2025-09-15,Mon,False,25351.0,25347.0,25353.0,40730.0,25378.0,25500.0,25000.0,25500.0,25100.0,25281.55139449699,25094.489556752167,3855808649.7958937,0.1133175649181128,positive,25500.0,25100.0,1986477571.4345536,25500.0,25200.0,2356345679.742251,1591514437.060304,25500.0,2726213788.049948
2025-09-16,Tue,False,25628.0,25635.0,25639.0,60971.0,25428.0,25700.0,25450.0,25600.0,,25548.379918234623,25324.0946980276,8392474842.530216,0.1688372483540823,positive,25700.0,,3456554888.416534,25700.0,25500.0,3947347691.172877,2542536159.3703084,25600.0,5079440513.66576
2025-09-17,Wed,True,25461.0,25473.0,25470.0,67628.0,25578.0,25800.0,25000.0,25500.0,25100.0,25410.59410853133,24963.164072216507,637400179.4318565,0.0576402512865372,positive,25800.0,25100.0,613864579.1991094,25800.0,25000.0,644057291.019878,468981750.4709701,25500.0,709718084.5114468
2025-09-18,Thu,False,25709.0,25712.0,25709.0,71532.0,25553.0,25800.0,25500.0,25800.0,,25644.387577329355,25151.514958383224,5486990794.957808,0.1483439121714808,positive,25800.0,,3010208871.7120485,25800.0,25500.0,3271949197.522725,2189031117.222625,25800.0,3533689523.3334017
2025-09-19,Fri,True,25652.0,25670.0,25671.0,71778.0,25841.0,26000.0,25000.0,25600.0,25100.0,25654.4062860636,25146.86453607104,-55453210.06126726,0.0032403212286805,neutral,26000.0,25100.0,792057993.6957157,26000.0,25600.0,868217461.316249,755422319.3582906,25600.0,1039131761.6955444
2025-09-22,Mon,False,25872.0,25893.0,25891.0,72252.0,25737.0,26000.0,25600.0,26000.0,,25786.755672814816,25310.44244711065,5263971707.43092,0.1500265825593748,positive,26000.0,,2458862257.469973,26000.0,25600.0,2813976049.8427134,1939000843.5463128,26000.0,3169089842.2154536
2025-09-23,Tue,False,26252.0,26263.0,26273.0,73045.0,26070.0,26300.0,26000.0,26200.0,,26129.96086106101,25685.8637554743,9595107065.808268,0.2083299279339713,positive,26300.0,,3251916895.303865,26300.0,26000.0,3757889714.859476,1991852651.2105248,26200.0,5137544274.82868
2025-09-24,Wed,True,26223.0,26234.0,26237.0,70919.0,26416.0,26500.0,26000.0,26200.0,,26113.58601468344,25458.12342539326,2078101540.952576,0.1292790664705231,positive,26500.0,,669390726.8088045,26500.0,26000.0,815069359.2690933,694521740.2513387,26200.0,995074334.271114
2025-09-25,Thu,False,26080.0,26095.0,26097.0,69269.0,26198.0,26300.0,26000.0,26000.0,,26135.95331116461,25589.413987650794,-4572081429.676578,0.133414266207943,negative,26000.0,,-1942906331.779636,26200.0,26000.0,1959719776.8670168,2523937317.2432814,26000.0,3104968302.706927
2025-09-26,Fri,True,25651.0,25660.0,25669.0,68993.0,26012.0,26000.0,25000.0,26000.0,25300.0,25638.196255720588,25377.0746491854,168872988.619318,0.0114935045208012,neutral,26000.0,25300.0,431108333.5158849,26000.0,25600.0,728982034.9948744,544799401.4670876,26000.0,1026855736.4738638
2025-09-30,Tue,False,25928.0,25953.0,25954.0,68612.0,25742.0,26100.0,25800.0,26000.0,,25912.44478646283,25638.98180266243,1314234303.4814675,0.0337860811969723,neutral,26100.0,,2004393021.1964312,26000.0,25800.0,2625901176.4031444,2308581072.619259,26000.0,3950686170.80659
2025-10-01,Wed,True,26024.0,26043.0,26045.0,68183.0,26130.0,26400.0,25800.0,26000.0,,26036.275253317803,25659.898228890965,-182325267.0562607,0.0117592657099164,neutral,26400.0,,653826319.2277445,26400.0,25800.0,703861154.4876362,770579733.8110046,26000.0,1040958756.9567188
2025-10-02,Thu,False,26410.0,26424.0,26431.0,69805.0,26421.0,26500.0,26000.0,26500.0,,26354.91677263453,25837.12015124276,2979947624.3966274,0.0863032986813611,positive,26500.0,,1752325388.7168243,26500.0,26000.0,2267677669.354273,1570089167.0588334,26500.0,2783029949.991721
2025-10-03,Fri,True,26724.0,26736.0,26745.0,71284.0,26427.0,27000.0,26000.0,27000.0,26100.0,26461.628037861283,26016.958923185804,3092671403.546442,0.2071245365708417,positive,27000.0,26100.0,1252463301.043075,27000.0,26000.0,1302079619.117331,510665432.7420452,27000.0,1351695937.191587
2025-10-07,Tue,False,27297.0,27317.0,27322.0,71648.0,26680.0,27500.0,26800.0,27200.0,,27188.383037767224,26315.145404728588,5972732868.751059,0.1668280194994062,positive,27500.0,,2653879294.488345,27500.0,27000.0,2793224792.031358,1575315697.5533955,27200.0,3206508883.0521507
2025-10-08,Wed,True,27091.0,27093.0,27093.0,69901.0,27040.0,27500.0,26700.0,27000.0,,26729.90701656356,25941.703834478176,2943650666.1484914,0.2240532102114538,positive,27500.0,,830119701.491253,27000.0,27000.0,953149496.2757678,447100407.2341322,27000.0,1400249903.5099
2025-10-09,Thu,False,27334.0,27338.0,27335.0,67679.0,27420.0,27500.0,26800.0,27500.0,,27149.512159728056,26790.87428134617,4670364068.999922,0.1876978805974076,positive,27500.0,,1788487544.5869374,27500.0,27000.0,1900308990.4236083,1079188533.691102,27500.0,2012130436.2602792
2025-10-13,Mon,False,26911.0,26915.0,26904.0,41428.0,27108.0,27000.0,26000.0,27000.0,26100.0,26768.114660791325,26246.19989313168,2493730914.8245134,0.1284902652233695,positive,27000.0,26100.0,878546940.9290411,27000.0,27000.0,1493568266.8276794,615021325.8986382,27000.0,2108589592.7263176
2025-10-14,Tue,False,26725.0,26770.0,26765.0,53868.0,27303.0,27000.0,26600.0,27000.0,26100.0,26787.338141025204,26746.18785960164,-2202483878.32202,0.0661443272333911,negative,26600.0,26100.0,-1113161204.4056275,27000.0,26600.0,2386664949.9669595,1433084415.639115,27000.0,3777680786.895844
2025-10-15,Wed,True,27277.0,27289.0,27288.0,61267.0,26829.0,27800.0,26500.0,27200.0,27100.0,26979.59234762167,26153.369965013648,1691872177.762934,0.2063791943310976,positive,27800.0,27100.0,360404554.9376407,27800.0,26500.0,365542906.52282685,221163641.42458048,27200.0,415638356.8195778
2025-10-16,Thu,False,27784.0,27818.0,27822.0,64988.0,27478.0,28000.0,27000.0,28000.0,,27465.35097663942,26614.47277539103,7128392395.449934,0.3167560683445267,positive,28000.0,,1553803955.6094854,28000.0,27300.0,1608114896.2143369,519907578.4955714,28000.0,1662425836.8191884
2025-10-17,Fri,True,27293.0,27328.0,27328.0,65454.0,27492.0,28000.0,27000.0,27500.0,26600.0,27173.732639702863,26302.757377010905,1040761448.4735696,0.0850992893166702,positive,28000.0,26600.0,665083021.3102702,27500.0,27000.0,717468556.764387,645371964.6364127,27500.0,891538458.3205211
2025-10-20,Mon,False,27756.0,27780.0,27783.0,66733.0,27453.0,28000.0,27000.0,28000.0,27600.0,27573.42924721553,26657.68815513843,6381850598.182024,0.2253799425386758,positive,28000.0,27600.0,2226772466.593756,28000.0,27400.0,2310038606.500421,858857439.602609,28000.0,2393304746.407086
2025-10-21,Tue,False,27793.0,27831.0,27833.0,67357.0,27847.0,28000.0,27600.0,28000.0,,27794.85069916402,26944.98961248939,-141597200.0392704,0.0032695865234474,neutral,28000.0,,2445968990.6437407,28000.0,27700.0,3217614611.077894,2238658388.322297,28000.0,3989260231.512048
2025-10-22,Wed,True,27679.0,27708.0,27704.0,64052.0,27733.0,28000.0,27500.0,27500.0,27200.0,27533.552548338823,26566.04110211384,1081270244.906702,0.1090086670655122,positive,28000.0,27200.0,445601515.23500574,28000.0,27500.0,492011787.8834343,431627929.49263984,27500.0,546844794.7426573
2025-10-23,Thu,False,27528.0,27556.0,27556.0,63279.0,27399.0,28000.0,27000.0,28000.0,27100.0,27448.98839053548,26653.027121540083,1939711351.0251243,0.0940749526495088,positive,28000.0,27100.0,1322081935.9439042,28000.0,27500.0,1380032837.5879335,798053937.1528814,28000.0,1437983739.231963
2025-10-27,Mon,False,28190.0,28219.0,28225.0,64355.0,27742.0,28500.0,27500.0,28000.0,,27963.85884769477,26925.20859216732,4127735360.346808,0.2332093791932317,positive,28500.0,,1167953221.807199,28500.0,28000.0,1187750419.4073744,545752948.5475872,28000.0,1288459164.521204
2025-10-28,Tue,False,27959.0,28005.0,28002.0,64509.0,28310.0,28200.0,27900.0,28000.0,,27995.03983848185,27097.432944381668,-2606805612.267412,0.0690702539804097,negative,27900.0,,-2018043992.169374,28000.0,27900.0,2067079659.9893205,2696917498.811513,28000.0,4521637216.930413
2025-10-29,Wed,True,28376.0,28414.0,28412.0,66115.0,28215.0,29000.0,27800.0,28500.0,28200.0,28114.93539067309,26822.43650620872,2541961090.932543,0.2184905255129751,positive,29000.0,28100.0,589596744.6540533,29000.0,28000.0,594868897.7847253,378592095.03376746,28500.0,656099783.7618941
2025-10-30,Thu,False,28351.0,28399.0,28398.0,65284.0,28365.0,28600.0,28000.0,28500.0,,28240.27636492652,27069.80203859964,5449968174.905758,0.1834133945663982,positive,28600.0,,1854959664.637572,28600.0,28000.0,1947377581.6132224,1161041777.5389693,28500.0,2216900257.959768
2025-10-31,Fri,True,28395.0,28430.0,28431.0,66350.0,28290.0,29000.0,28000.0,28000.0,28100.0,28242.573703662467,27293.595671882773,2042690366.2283635,0.1397639858384738,positive,29000.0,28100.0,804584471.181199,29000.0,28000.0,813966282.6737784,655663624.2970649,28000.0,898975672.1371768
2025-11-03,Mon,False,28302.0,28341.0,28340.0,67082.0,28265.0,28500.0,28000.0,28500.0,28100.0,28218.81507008282,27520.759667635048,3850083024.844823,0.1210786099042135,positive,28500.0,28100.0,1634541849.4196768,28500.0,28000.0,1962825334.6408875,1644033450.1398406,28500.0,2291108819.862098
2025-11-04,Tue,False,28069.0,28119.0,28117.0,67053.0,28496.0,28500.0,28000.0,28000.0,,28168.50924051568,27678.964531895228,-6715685750.416008,0.1564134130371862,negative,28000.0,,-2890776963.246682,28400.0,28000.0,1751200429.590134,3467462196.42035,28000.0,4044147429.5940175
2025-11-05,Wed,True,27775.0,27808.0,27805.0,68021.0,27912.0,28500.0,27500.0,28000.0,27100.0,27627.79307963209,27124.43215446795,1277022990.9407363,0.0996724618251778,positive,28500.0,27100.0,435827858.9625158,28000.0,27500.0,650405519.0101427,411965594.03871465,28000.0,911227440.945854
2025-11-06,Thu,False,27980.0,28034.0,28034.0,67626.0,28052.0,28200.0,27500.0,28000.0,,27946.68021179656,27446.34725693693,1623106185.8196552,0.0517314115071222,positive,28200.0,,1612047527.3048756,28200.0,27800.0,1876626446.5314767,1308613991.304603,28000.0,2636890134.6745644
2025-11-07,Fri,True,27704.0,27721.0,27730.0,67248.0,27665.0,28500.0,27600.0,28000.0,27100.0,27614.53523720413,27224.380892987785,975693701.5018408,0.0647320832272863,positive,28500.0,27100.0,580161851.328325,28000.0,27600.0,808460329.9355446,656471874.6962783,28000.0,1111491223.879939
2025-11-10,Mon,False,27974.0,28016.0,28016.0,67200.0,27561.0,28000.0,27700.0,28000.0,,27786.493166259173,27388.37244187173,6004997452.483498,0.1892216410314971,positive,28000.0,,1541899603.1238575,28000.0,27700.0,2263029732.591334,1303399335.5558329,28000.0,2984159862.05881
2025-11-11,Tue,False,27743.0,27780.0,27780.0,66600.0,28106.0,28000.0,27600.0,28000.0,,27783.665151199748,27471.26596332845,-2090690500.7212555,0.0532553992410019,negative,27600.0,,-1524609493.2429912,28000.0,27700.0,2276601547.395135,2292192312.8040733,28000.0,3379818517.7996464
2025-11-12,Wed,True,28018.0,28059.0,28054.0,67622.0,27903.0,28500.0,27500.0,28000.0,,27874.44737057572,27518.35921041985,2230238098.4701285,0.1326863236384509,positive,28500.0,,862148568.2392389,28000.0,28000.0,954361313.6480844,774200508.697186,28000.0,1728561822.3452704
2025-11-13,Thu,False,27958.0,27978.0,27980.0,65717.0,28065.0,28200.0,27900.0,28000.0,,27938.038378797733,27819.36588366621,1241224605.1802356,0.0302255540279749,neutral,28200.0,,2174729750.2179384,28200.0,28000.0,2547659614.907383,2839716924.734558,28000.0,5211824098.791384
2025-11-14,Fri,True,27403.0,27404.0,27401.0,66940.0,27467.0,28000.0,27000.0,28000.0,26600.0,27445.92247066839,27507.339107391803,-554282777.1659362,0.034513464017849,neutral,27000.0,26600.0,-626663620.4745984,28000.0,27000.0,926702338.3925514,707886198.3686022,28000.0,1228220165.5856538
2025-11-17,Mon,False,27477.0,27481.0,27479.0,38590.0,27490.0,28000.0,27000.0,27500.0,27100.0,27472.24474462356,27474.531674819467,163076998.32783598,0.0055393116532908,neutral,27000.0,27100.0,-1157880490.7626998,27700.0,27000.0,1518462141.616437,1293754114.0151796,27500.0,2094234533.6837487
2025-11-18,Tue,False,26812.0,26822.0,26805.0,56490.0,27157.0,27300.0,26500.0,27000.0,26600.0,26936.334692406195,27038.807078021782,-4067368732.528341,0.1368059366122958,negative,26500.0,26600.0,-1253435732.678713,27000.0,26500.0,1091383611.1297731,1535719847.6012995,27000.0,2604022369.290848
2025-11-19,Wed,True,26632.0,26606.0,26595.0,66420.0,26917.0,27100.0,26000.0,27000.0,26100.0,26624.84333523981,26600.70632643676,38681862.934855,0.0052627817725616,neutral,26000.0,26100.0,-246188549.4202292,27000.0,26000.0,262134422.2392892,253137269.82271665,27000.0,385250948.2378288
2025-11-20,Thu,False,27472.0,27484.0,27482.0,67010.0,26979.0,27600.0,27000.0,27500.0,,27302.814398783543,26890.99115178889,5839458653.696497,0.2176422478832615,positive,27600.0,,1493499007.8966436,27600.0,27000.0,1693841758.6791985,823306114.5867851,27500.0,2233443709.51816
2025-11-21,Fri,True,26487.0,26476.0,26486.0,72140.0,26690.0,27000.0,26000.0,27000.0,26100.0,26516.373545651208,26443.996663372804,-174971998.39625973,0.0182981139809461,neutral,26000.0,26100.0,-345126925.2200572,27000.0,26000.0,482466794.9288093,358400101.9367409,27000.0,623648050.5249636
2025-11-24,Mon,False,26620.0,26614.0,26615.0,72691.0,26673.0,27000.0,26000.0,27000.0,26100.0,26545.255301642243,26575.552074393818,1536676295.387518,0.0789544503595449,positive,27000.0,26100.0,1030182121.098903,27000.0,26500.0,1214386648.922531,892140590.079796,27000.0,1398591176.7461584
2025-11-25,Tue,False,26933.0,26933.0,26933.0,71578.0,27052.0,27200.0,26500.0,27000.0,,26835.12633807495,26665.65438576337,5421131603.437981,0.1487128092428415,positive,27200.0,,2210095149.6028643,27200.0,26500.0,2419994847.388806,1301213153.506973,27000.0,3099160039.503831
2025-11-26,Wed,True,27344.0,27339.0,27329.0,75477.0,27180.0,27500.0,27000.0,27300.0,27100.0,27166.27841122392,26746.546987970545,1671373794.3945837,0.1410960998895066,positive,27500.0,27100.0,493857108.0898492,27300.0,27000.0,664131929.4790088,500241043.0912656,27300.0,933399070.7161156
2025-11-27,Thu,False,27559.0,27579.0,27583.0,73249.0,27447.0,27700.0,27500.0,27500.0,,27534.781235779006,26959.30805253419,1468263033.403245,0.0421566407919035,neutral,27700.0,,1872828150.352584,27600.0,27500.0,2367760648.235052,2688860373.3894386,27500.0,3939568890.040657
2025-11-28,Fri,True,27716.0,27737.0,27744.0,73818.0,27555.0,28000.0,27000.0,27600.0,,27636.97175947269,27061.58760555596,966933035.6741709,0.0665803557232956,positive,28000.0,,572749953.4124398,28000.0,27500.0,684324610.4130635,508151473.4130509,27600.0,877194890.7258637
2025-12-01,Mon,False,27391.0,27406.0,27404.0,71269.0,27784.0,28000.0,27000.0,27600.0,27100.0,27418.42139148097,27080.401991434657,-842133618.1704551,0.033063591035113,neutral,28000.0,27100.0,1009619452.6192431,28000.0,27400.0,1081841023.116145,1007254873.8457756,27600.0,1557496400.6434808
2025-12-02,Tue,False,27532.0,27559.0,27561.0,70686.0,27602.0,27800.0,27400.0,27600.0,,27523.417238388625,27129.868023132207,621003591.0485476,0.0154988138142777,neutral,27800.0,,1683768953.8242416,27800.0,27500.0,2111107017.1658287,2114687122.3798697,27600.0,3750725758.161133
2025-12-03,Wed,True,27764.0,27760.0,27758.0,71057.0,27800.0,28000.0,27500.0,28000.0,,27556.36835656037,27110.24246623004,2690275479.9890985,0.2000493417060928,positive,28000.0,,734052461.6845236,28000.0,27500.0,839009615.9000318,440897029.57726586,28000.0,943966770.11554
2025-12-04,Thu,False,27802.0,27798.0,27799.0,71290.0,27856.0,28000.0,27500.0,28000.0,,27707.409273468547,27253.9885887692,5797613197.574356,0.178378250104118,positive,28000.0,,2578405099.3216543,28000.0,27700.0,2819541876.263951,1318242865.9327233,28000.0,3060678653.206248
2025-12-05,Fri,True,28004.0,28010.0,28016.0,73290.0,27766.0,28300.0,27500.0,28000.0,,27750.08528693825,27308.0997378087,3744240663.379333,0.2329001778101308,positive,28300.0,,659083225.314458,28000.0,27500.0,930635288.9538972,456697324.4619385,28000.0,1219626952.9145162
2025-12-08,Mon,False,28263.0,28284.0,28286.0,74455.0,28045.0,28600.0,28000.0,28200.0,,28135.42380259385,27562.515317453443,5253231312.996422,0.1689269013315271,positive,28600.0,,1415847525.283472,28300.0,28000.0,1577505716.7800603,1451832613.9197068,28200.0,2271095502.241258
2025-12-09,Tue,False,28223.0,28217.0,28220.0,73380.0,28252.0,28400.0,28000.0,28300.0,,28142.016551186032,27688.247162302257,6809642600.107066,0.152900997761745,positive,28400.0,,2643060537.926607,28300.0,28000.0,3498984125.637544,2087328879.5784929,28300.0,4632833055.466976
2025-12-10,Wed,True,28366.0,28400.0,28398.0,74077.0,28289.0,28500.0,27500.0,28500.0,28100.0,28155.36910484037,27893.114961404,2610557946.555001,0.1820514699408467,positive,28500.0,28100.0,604284707.8147504,28500.0,28000.0,787675425.9836429,566724249.8365731,28500.0,971066144.1525354
2025-12-11,Thu,False,28085.0,28101.0,28110.0,73166.0,28672.0,28400.0,28000.0,28000.0,,28076.8533227922,28000.18643805756,420156357.9610116,0.0123195101952016,neutral,28400.0,,1624214347.38977,28400.0,28000.0,2158947600.0396013,2384008908.2380137,28000.0,3155531553.3594785
2025-12-12,Fri,True,28293.0,28290.0,28292.0,69510.0,28322.0,28500.0,27500.0,28500.0,,28129.05400808565,27948.81718629349,3062652660.9406943,0.1695591476559485,positive,28500.0,,918198399.039356,28500.0,28000.0,1119938692.5904984,730576200.2375025,28500.0,1321678986.141641
2025-12-15,Mon,False,27908.0,27910.0,27907.0,46562.0,27729.0,28200.0,27500.0,28000.0,,27871.291335411843,27861.459614664203,1763605280.4420187,0.0502747394200642,positive,28200.0,,1442329200.2254777,28000.0,27500.0,1989145085.9868672,1308984008.3263288,28000.0,3253398412.743032
2025-12-16,Tue,False,27627.0,27728.0,27713.0,57520.0,27779.0,27800.0,27500.0,27500.0,,27645.55606775434,27688.57630222681,-1337280559.7140613,0.0290371935607005,neutral,27500.0,,-1905644985.0256755,27800.0,27500.0,2620744787.520684,3118164132.257643,27500.0,4330683279.489611
2025-12-17,Wed,True,27635.0,27689.0,27692.0,66332.0,27780.0,28000.0,27000.0,28000.0,27100.0,27549.529135768204,27386.962075384174,895317116.890806,0.0804375254069402,positive,28000.0,27100.0,615544294.189609,28000.0,27000.0,718589084.4207292,365629193.35319513,28000.0,821633874.6518493
2025-12-18,Thu,False,27515.0,27598.0,27591.0,70943.0,27410.0,27800.0,27400.0,27700.0,,27491.84154902869,27337.67774775161,1222986567.028087,0.0405743480086136,neutral,27800.0,,1363976250.1838624,27800.0,27400.0,1725816126.67542,1244422329.7685275,27700.0,2259789137.6181474
2025-12-19,Fri,True,27809.0,27897.0,27894.0,71847.0,27815.0,28000.0,27000.0,28000.0,27100.0,27735.63060154645,27353.431867253075,919393678.555503,0.0708872615040727,positive,28000.0,27100.0,529231451.2913271,28000.0,27800.0,724830460.107816,474900679.57038975,28000.0,920429468.9243048
2025-12-22,Mon,False,28213.0,28341.0,28341.0,73240.0,28120.0,28300.0,27800.0,28300.0,,28116.59259284911,27692.604183857555,5314733265.879851,0.1633258625482751,positive,28300.0,,1888632765.4166253,28300.0,28000.0,2177889677.991689,1404964043.035393,28300.0,2467146590.566753
2025-12-23,Tue,False,28299.0,28415.0,28413.0,72941.0,28343.0,28400.0,28100.0,28400.0,,28222.60830900977,27959.19643431738,10813492343.532597,0.2053874731614761,positive,28400.0,,5008546143.260217,28400.0,28300.0,6018863884.377916,2811349054.046791,28400.0,7029181625.495616
2025-12-24,Wed,True,28377.0,28467.0,28472.0,74207.0,28562.0,28500.0,28300.0,28500.0,,28310.888823133875,27815.89530120036,2729392634.731756,0.122553542638629,positive,28500.0,,2123107168.3942688,28500.0,28300.0,2454341792.0534086,1592057154.2828767,28500.0,2785576415.712548
2025-12-26,Fri,True,28580.0,28677.0,28673.0,75964.0,28531.0,28800.0,28200.0,28500.0,,28477.10008525218,27939.86493862634,2214031623.234187,0.1279929768341849,positive,28800.0,,863318505.863026,28800.0,28200.0,923148725.2065544,731744421.1280227,28500.0,1291801383.1306982
2025-12-29,Mon,False,28812.0,28940.0,28950.0,77251.0,28708.0,29000.0,28600.0,28800.0,,28773.98680504307,28223.461662823927,2425036157.259118,0.0647625742582048,positive,29000.0,,2672906209.6362348,29000.0,28600.0,2913161597.1424203,2139291836.2465367,28800.0,3412716678.2309074
2025-12-30,Tue,False,28767.0,28875.0,28881.0,75004.0,28786.0,28900.0,28600.0,28800.0,,28730.724705141893,28285.00743411545,5211541840.405364,0.0879966634269644,positive,28900.0,,4087338208.595566,28900.0,28700.0,5025068564.390326,3460231386.114362,28800.0,6899311164.237595
2025-12-31,Wed,True,28945.0,29014.0,29016.0,72855.0,28879.0,29000.0,28500.0,29000.0,,28878.00087957549,28236.76297489906,1390025094.71599,0.0775846631187996,positive,29000.0,,820357090.611646,29000.0,28800.0,1197634434.6176174,808552968.6938373,29000.0,1574911778.6235886
2026-01-02,Fri,True,29387.0,29479.0,29473.0,75017.0,29009.0,30000.0,29000.0,29000.0,29100.0,29190.964988971573,28535.330467618525,2340249704.4401674,0.1578246748956822,positive,30000.0,29100.0,752397421.5866207,30000.0,29000.0,761145102.927676,639437729.1299937,29000.0,965536313.4253684
2026-01-05,Mon,False,30182.0,30309.0,30313.0,75674.0,29776.0,30500.0,29500.0,30500.0,,30053.787059061506,29305.36074206485,3786033293.6634417,0.1242310851878223,positive,30500.0,,2526156810.7662907,30500.0,30000.0,2579548344.093233,1242619469.5508797,30500.0,2632939877.420176
2026-01-06,Tue,False,30484.0,30627.0,30617.0,75467.0,30290.0,30500.0,30250.0,30500.0,,30309.806115740303,29489.38687424495,9955072723.471191,0.2129741627066428,positive,30500.0,,4637653575.539961,30500.0,30300.0,5689514625.982888,1857268865.6885896,30500.0,6741375676.425816
2026-01-07,Wed,True,30437.0,30516.0,30516.0,74241.0,30603.0,30700.0,30100.0,30000.0,30100.0,30260.2623104243,29499.483616016485,2162369913.1400943,0.1416514305916878,positive,30700.0,30100.0,721545304.0039048,30700.0,30000.0,770791671.2374425,632514254.1609101,30000.0,1037754320.5959148
2026-01-08,Thu,False,30371.0,30458.0,30458.0,72580.0,30306.0,30700.0,30200.0,30400.0,,30356.90820533513,29683.89595313152,930589451.4411114,0.02390543225482,neutral,30200.0,,-1657336290.9373932,30500.0,30200.0,1748720371.104651,1978932957.4694064,30400.0,2877398743.895944
2026-01-09,Fri,True,30381.0,30453.0,30456.0,72254.0,30458.0,31000.0,30000.0,30000.0,30100.0,30159.15950524048,29711.3441253124,2324112214.559164,0.1529851892713166,positive,31000.0,30100.0,508669612.3963835,30500.0,30000.0,623652263.5872052,648898933.8317132,30000.0,978635064.9066112
2026-01-12,Mon,False,30633.0,30700.0,30701.0,71308.0,30826.0,31000.0,30000.0,30000.0,30100.0,30525.021590334167,29932.1432889908,3850029034.426091,0.128616918228542,positive,31000.0,30100.0,1332219605.572421,31000.0,30000.0,1397986557.109269,1356641238.9283495,30000.0,1678180322.4758296
2026-01-13,Tue,False,30809.0,30870.0,30874.0,72530.0,31071.0,31000.0,30500.0,31000.0,30100.0,30662.64818870816,30214.543559703376,9464913161.548471,0.215596638410279,positive,31000.0,30100.0,2657013993.345828,31000.0,30500.0,3038860870.2282352,1493442229.6511774,31000.0,3420707747.110643
2026-01-14,Wed,True,30931.0,30980.0,30982.0,75427.0,30956.0,31500.0,30000.0,31000.0,30100.0,30642.76711775367,30920.763101340945,2290500545.94378,0.1760144192072502,positive,31500.0,30100.0,511194377.3986967,31000.0,30000.0,610019793.2226746,589895714.058241,31000.0,918319411.4653988
2026-01-15,Thu,False,30993.0,31050.0,31050.0,75732.0,30841.0,31500.0,30500.0,31000.0,30100.0,30747.652218484283,31067.19128956912,7204008435.45372,0.2647653518577324,positive,31500.0,30100.0,1405858126.9447289,31000.0,30500.0,1426575404.9585934,635632865.9772805,31000.0,1943546115.4107945
2026-01-16,Fri,True,31477.0,31476.0,31474.0,70108.0,31335.0,32000.0,30800.0,31000.0,31300.0,31163.556029326333,31133.92557333657,3152485380.195922,0.1967996827635429,positive,32000.0,31300.0,1004983874.0523746,32000.0,31000.0,1036062347.9796776,701157905.8190634,31000.0,1180175302.7614105
2026-01-19,Mon,False,31671.0,31672.0,31669.0,46669.0,31342.0,32000.0,31000.0,32000.0,31300.0,31517.930792764764,31322.941312032384,5732460772.764962,0.1771470058414608,positive,32000.0,31300.0,2320414918.961082,32000.0,31000.0,2391617018.1033497,1194767166.8676908,32000.0,2462819117.2456174
2026-01-20,Tue,False,31668.0,31794.0,31800.0,55490.0,31696.0,32000.0,31400.0,31500.0,,31598.017244731152,31414.01385669297,4787130456.949912,0.1109193415393399,positive,32000.0,,2830131853.7920794,32000.0,31500.0,2979883653.034502,1984415582.0048585,31500.0,3245034053.4390907
2026-01-21,Wed,True,31363.0,31471.0,31484.0,65384.0,31376.0,32000.0,31000.0,31500.0,31100.0,31225.750233500374,31103.95374568337,1237207584.6634684,0.1036955553353903,positive,32000.0,31100.0,657283252.457487,32000.0,31000.0,681751849.9862784,381535515.15243673,31500.0,721347942.0482646
2026-01-22,Thu,False,31729.0,31863.0,31857.0,66455.0,31726.0,32000.0,31500.0,32000.0,,31661.90252453855,31330.731719830124,4714756927.136702,0.1221396386847014,positive,32000.0,,2656028401.7634115,32000.0,31500.0,2888267897.7800674,1885948070.172912,32000.0,3120507393.7967234
2026-01-23,Fri,True,32048.0,32159.0,32153.0,67256.0,32012.0,32500.0,31200.0,32000.0,31400.0,31862.65016540041,31415.00262713032,2165599571.002617,0.1464078883247871,positive,32000.0,31400.0,543574126.851418,32000.0,32000.0,911353073.8397198,367778946.9883018,32000.0,1279132020.8280215
2026-01-26,Mon,False,32070.0,32150.0,32144.0,66009.0,32238.0,32600.0,31500.0,32000.0,,32026.34741213813,31614.66332691289,1537800729.8169878,0.0539966615197872,positive,32600.0,,1041910732.5694256,32200.0,32000.0,1172875460.9763646,1013112275.0309688,32000.0,2124557934.66486
2026-01-27,Tue,False,32410.0,32505.0,32509.0,67594.0,32288.0,32600.0,32100.0,32600.0,,32286.17135980195,31742.02513262852,9762087614.9132,0.2030206517979118,positive,32600.0,,3071037708.406151,32600.0,32200.0,3456070055.999965,1737244546.5349514,32600.0,3841102403.59378
2026-01-28,Wed,True,32849.0,32925.0,32927.0,68487.0,32696.0,33000.0,32400.0,33000.0,32100.0,32585.24470374116,31786.219232547504,2648045016.8569374,0.1831544858559053,positive,33000.0,32100.0,749043970.6234018,33000.0,32400.0,826601097.454813,344990491.5953094,33000.0,904158224.2862242
2026-01-29,Thu,False,32704.0,32774.0,32777.0,70655.0,33015.0,33000.0,32400.0,33000.0,32100.0,32627.990321322504,31946.80355845673,3834949622.76036,0.1057744408635848,positive,33000.0,32100.0,2357878005.542201,33000.0,32500.0,2677919509.1685123,1205974595.8879051,33000.0,2997961012.794824
2026-01-30,Fri,True,32171.0,32252.0,32247.0,69935.0,32443.0,33000.0,31000.0,32000.0,31600.0,32131.239543756616,31873.25531822053,335252300.1704653,0.0240467044434112,neutral,33000.0,31600.0,540688627.6601477,33000.0,32000.0,583310673.2247567,492245807.888437,32000.0,957253367.5717412
2026-02-02,Mon,False,31541.0,31616.0,31610.0,72341.0,31889.0,32000.0,31000.0,32000.0,31100.0,31475.15808325257,31669.408335675016,1436883784.2599957,0.0592440302535864,positive,32000.0,31100.0,1029415047.2586944,32000.0,31000.0,1358920582.6678925,805099594.2227843,32000.0,1688426118.0770905
2026-02-03,Tue,False,32166.0,32284.0,32261.0,71853.0,32241.0,32500.0,31900.0,32000.0,,32013.611468187453,31793.22375739628,9711133271.452082,0.2068847075145199,positive,32500.0,,2260699537.991593,32500.0,32000.0,2425883804.684794,1905366760.6798103,32000.0,3564070275.389481
2026-02-04,Wed,True,32341.0,32416.0,32423.0,71802.0,32105.0,33000.0,31000.0,33000.0,31100.0,32121.84656260274,31743.13211546634,2393510664.6310625,0.1630731368755795,positive,33000.0,31100.0,1291025977.1837978,33000.0,32000.0,1313644301.0802827,476227760.1220589,33000.0,1336262624.9767675
2026-02-05,Thu,False,31854.0,31902.0,31907.0,72022.0,31903.0,32300.0,31500.0,32000.0,31100.0,31891.870698791,31720.30974062384,-1249218058.2228324,0.0449777831019254,neutral,32500.0,31100.0,903111778.6125108,32000.0,31500.0,1109563507.0399866,858164118.9509099,32000.0,1890723876.174054
2026-02-06,Fri,True,31764.0,31789.0,31807.0,67210.0,31760.0,33000.0,31000.0,32000.0,31100.0,31683.114709503578,31780.331750552512,499123010.3173773,0.0421903024902795,neutral,33000.0,31100.0,490238904.8341163,32000.0,31000.0,593991886.3932002,545753569.2696162,32000.0,850867435.7454178
2026-02-09,Mon,False,32595.0,32650.0,32651.0,63563.0,32639.0,33000.0,31800.0,33000.0,32100.0,32336.32583474723,31858.92122398403,7710842471.276824,0.2574733692317218,positive,33000.0,32100.0,2992371325.5708866,33000.0,32000.0,3033066716.8240767,953486297.1646646,33000.0,3073762108.0772667
2026-02-10,Tue,False,33168.0,33303.0,33307.0,43863.0,32912.0,33300.0,32800.0,33000.0,,32772.52828696681,32387.320925027227,16519788647.294085,0.3830348164088406,positive,33000.0,,3708440796.2037454,33000.0,33000.0,4806929761.835847,1098488965.6321006,33000.0,5905418727.467947
2026-02-11,Wed,True,33690.0,33838.0,33849.0,62780.0,33410.0,35000.0,30000.0,35000.0,33400.0,33083.09030546324,33530.97778299254,2659019784.030042,0.2427166612851402,positive,35000.0,33400.0,1099526370.345233,35000.0,32000.0,1101644998.3895347,290229699.8185225,35000.0,1103763626.4338365
2026-02-23,Mon,False,33862.0,33971.0,33961.0,71483.0,34093.0,34600.0,33700.0,34000.0,33300.0,33906.15011509377,32922.54303047277,-327702142.6943132,0.0340410624983239,neutral,34600.0,33300.0,377902386.02613086,34000.0,33000.0,394254234.56792897,311669606.06006706,34000.0,654705300.357697
2026-02-24,Tue,False,34716.0,34837.0,34827.0,79188.0,34027.0,35000.0,34300.0,35000.0,,34532.2477878193,33436.14922642193,4629099262.112689,0.1710088016141834,positive,35000.0,,1758611272.3617136,35000.0,34300.0,1825513183.150709,780723433.2789801,35000.0,1892415093.939704
2026-02-25,Wed,True,35376.0,35489.0,35490.0,81147.0,35215.0,36000.0,34400.0,36000.0,35100.0,34954.57760016669,33963.17694090467,1176816483.974486,0.1464571765243931,positive,36000.0,35100.0,313198901.8816935,36000.0,34000.0,324484175.04742765,177797792.7437704,36000.0,335769448.2131618
2026-02-26,Thu,False,35467.0,35611.0,35604.0,82090.0,35655.0,36000.0,34800.0,36000.0,35100.0,35308.18344836383,34346.139004323995,2699421136.2429266,0.1350843341050088,positive,36000.0,35100.0,1182736412.9465225,36000.0,35000.0,1203718108.7373028,613928137.0007505,36000.0,1224699804.528083
2026-03-02,Mon,False,35136.0,35238.0,35232.0,81723.0,35086.0,35600.0,34000.0,35600.0,34900.0,34921.83940891494,34472.08080518666,1833652879.5368729,0.126340035041048,positive,35600.0,34900.0,723042169.5019778,35600.0,35000.0,766306598.7067325,374127679.1442157,35600.0,809571027.9114872
2026-03-03,Tue,False,34267.0,34331.0,34325.0,81924.0,35175.0,35000.0,34000.0,34000.0,34100.0,34461.93379252534,34389.98239301503,-4111363964.037941,0.1679667362644924,negative,34000.0,34100.0,-1348578062.791694,35000.0,34000.0,846825903.0571505,1474049680.3250797,34000.0,1599521297.8584654
2026-03-04,Wed,True,32860.0,32871.0,32834.0,80836.0,33548.0,34700.0,32000.0,33000.0,32700.0,33224.186130407725,33777.93230327412,-883479880.8467613,0.1042805624511361,negative,32000.0,32700.0,-259700038.6932301,34000.0,32000.0,238853357.1288844,317768941.3005322,33000.0,382760392.19242233
2026-03-05,Thu,False,33656.0,33666.0,33639.0,77062.0,33735.0,34000.0,33000.0,34000.0,33300.0,33531.883410721624,33706.726977415805,1689245738.153731,0.0819713504918094,positive,34000.0,33300.0,841178420.7576826,34000.0,33000.0,1148984028.919572,542228453.5045301,34000.0,1456789637.0814617
2026-03-06,Fri,True,33700.0,33703.0,33704.0,77462.0,33288.0,35000.0,32000.0,34000.0,33400.0,33694.8438244047,33631.70569489044,16200663.666529655,0.0016698837768001,neutral,35000.0,33400.0,271191735.43323684,35000.0,32000.0,333721755.3674256,323770801.3883763,34000.0,437269862.6168829
2026-03-09,Mon,False,31870.0,31902.0,31786.0,73763.0,32673.0,33000.0,30000.0,32000.0,31700.0,32379.5846672919,33291.46162144978,-2179498092.7799435,0.1750524463692068,negative,32000.0,31700.0,-532665144.2516068,33000.0,32000.0,464830819.95462734,740659753.4872566,32000.0,948654362.7229064
2026-03-10,Tue,False,32733.0,32717.0,32696.0,72741.0,33414.0,33500.0,32000.0,33000.0,32200.0,32721.41956493704,33259.79766174844,162092832.2213859,0.007364082767834,neutral,32000.0,32200.0,-850831479.9714531,33500.0,32000.0,908970242.6462916,1030247168.8373752,33000.0,1395075868.6091986
2026-03-11,Wed,True,34023.0,34004.0,33985.0,77678.0,33105.0,34500.0,32000.0,34500.0,33900.0,33721.22406049511,34537.045938910254,1221796921.1526575,0.104701705064512,positive,34500.0,33900.0,541361544.8577133,34500.0,33000.0,631889116.956528,296257678.09016544,34500.0,722416689.0553426
2026-03-12,Thu,False,33607.0,33512.0,33530.0,74241.0,33707.0,34500.0,32800.0,34000.0,33100.0,33566.353439689454,34581.280418233924,469622464.4066536,0.0258496342782928,neutral,34500.0,33100.0,644164632.1591098,34500.0,33000.0,732152203.977076,638342389.3956927,34000.0,970758936.1727468
2026-03-13,Fri,True,33310.0,33304.0,33315.0,70549.0,32442.0,34500.0,32000.0,33000.0,33100.0,33392.07152526329,34389.60803663221,-271267141.6626675,0.0249621330711281,neutral,32000.0,33100.0,-279540992.21066207,34000.0,33000.0,325471137.7125039,484793978.7332596,33000.0,741793288.6304128
2026-03-16,Mon,False,33251.0,33264.0,33250.0,43657.0,32815.0,34000.0,32000.0,33000.0,33100.0,33245.35315555625,34408.58221668049,45133098.7882123,0.0028994161003964,neutral,32000.0,33100.0,-421129279.08758205,34000.0,33000.0,590187116.3011805,661830317.796312,33000.0,1049742155.3570268
2026-03-17,Tue,False,33802.0,33917.0,33910.0,56655.0,33804.0,34000.0,33000.0,34000.0,33700.0,33636.57910589764,34325.254709507484,2853514028.5928497,0.1280409938241755,positive,34000.0,33700.0,801765913.2477274,34000.0,33000.0,1148631374.0337565,755393539.2126426,34000.0,1495496834.8197856
2026-03-18,Wed,True,34426.0,34558.0,34551.0,67799.0,34220.0,34700.0,33500.0,34700.0,34100.0,33992.13633911388,33886.11832604069,1507531806.5828438,0.2081976702565728,positive,34700.0,34100.0,804635565.0337789,34700.0,34000.0,815542442.642901,152489612.20646176,34700.0,826449320.252023
2026-03-19,Thu,False,33513.0,33559.0,33553.0,72389.0,33897.0,34200.0,33000.0,34000.0,32600.0,33645.53578451585,33614.62268950136,-1722965990.3514328,0.1141756750109962,negative,33000.0,32600.0,-638068510.3984385,34200.0,33000.0,581922569.2065498,662371226.7094975,34000.0,767951498.7565651
2026-03-20,Fri,True,33534.0,33559.0,33559.0,70587.0,33782.0,35000.0,32000.0,32000.0,33100.0,33692.29159863935,33581.059987031505,-409088852.7018352,0.0639174939921238,negative,32000.0,33100.0,-302069754.3052137,35000.0,32000.0,204914275.5669468,314202710.97764724,32000.0,326335667.6500808
2026-03-23,Mon,False,32546.0,32559.0,32532.0,71403.0,32737.0,34000.0,32000.0,32000.0,32100.0,32860.03799411406,33365.99084163885,-1533038269.6531105,0.1496138637252783,negative,32000.0,32100.0,-780881774.9847865,34000.0,32000.0,314681015.63731134,798388609.3758351,32000.0,815895443.7668836
2026-03-24,Tue,False,32782.0,32781.0,32771.0,70222.0,33618.0,34000.0,32000.0,32000.0,32100.0,32978.11005976725,33177.00550163683,-1924551059.9641984,0.1252774697682317,negative,32000.0,32100.0,-1067504259.8221846,33500.0,32000.0,420054340.2685926,1091119439.713102,32000.0,1114734619.6040196
2026-03-25,Wed,True,33593.0,33623.0,33638.0,71475.0,33459.0,35000.0,32500.0,34000.0,33200.0,33487.98402761027,33418.66527080885,264901379.6652293,0.0434729244600255,neutral,35000.0,33200.0,246145624.9077512,35000.0,33000.0,252650250.48833504,178172125.65047517,34000.0,279360980.4026181
2026-03-26,Thu,False,33401.0,33441.0,33440.0,71761.0,33800.0,34000.0,33000.0,34000.0,33200.0,33549.62040798776,33576.248290720905,-1711452580.303656,0.1284758703443629,negative,33000.0,33200.0,-546704729.9075209,34000.0,33000.0,623412022.2018615,600744744.4413264,34000.0,729630980.1412417
2026-03-27,Fri,True,33105.0,33126.0,33120.0,70976.0,32807.0,35000.0,32500.0,33000.0,32700.0,33268.52860793471,33375.53743554396,-360820686.8614166,0.0595009805717222,negative,35000.0,32700.0,186183691.12471023,34000.0,33000.0,193078374.7891954,246627991.2449544,33000.0,320741468.9023839
2026-03-30,Mon,False,32476.0,32480.0,32468.0,70619.0,32244.0,34000.0,32000.0,33000.0,32100.0,32718.91613369829,33255.96485127321,-1611885598.0661232,0.1419430071455674,negative,32000.0,32100.0,-377829949.5524244,33000.0,32000.0,334681475.90470284,404215722.1406976,33000.0,556247335.6113124
2026-03-31,Tue,False,31931.0,31954.0,31979.0,71514.0,32031.0,32600.0,31600.0,32000.0,31700.0,32259.51421500937,32949.649313114205,-4089884247.1341615,0.248018155362422,negative,31600.0,31700.0,-673596004.4497752,32500.0,31600.0,411005475.17708856,683793358.5416052,32000.0,854245899.241895
2026-04-01,Wed,True,33310.0,33389.0,33402.0,74778.0,33084.0,34000.0,32000.0,34000.0,32800.0,33245.37336401743,33470.11487644314,120790377.54277834,0.0194166473353091,neutral,34000.0,32800.0,309435730.9296451,34000.0,33000.0,371582089.8121434,209847682.9476932,34000.0,433728448.6946417
2026-04-02,Thu,False,32470.0,32505.0,32487.0,71237.0,33567.0,34000.0,32000.0,33000.0,32100.0,32892.779036779495,33470.31631355185,-1906552177.9426467,0.1977075477015799,negative,32000.0,32100.0,-344384694.4937249,34000.0,32000.0,326229656.98444265,375997214.8964808,33000.0,449201957.21523273
2026-04-07,Tue,False,33115.0,33177.0,33159.0,71552.0,32877.0,34000.0,32000.0,33000.0,32900.0,33162.77722976236,33363.68473502573,-291585038.5710026,0.0298729834631296,neutral,34000.0,32900.0,491915993.1812256,34000.0,33000.0,561235818.5605521,407386857.7372421,33000.0,673435345.0921363
2026-04-08,Wed,True,34873.0,35016.0,34996.0,74508.0,33495.0,35000.0,33000.0,35000.0,34600.0,34185.2166701935,34649.95566625748,2217301062.143352,0.2590296283145649,positive,35000.0,34600.0,412427660.9435923,35000.0,34500.0,493664791.1716772,264913770.30019385,35000.0,574901921.399762
2026-04-09,Thu,False,34826.0,34924.0,34932.0,72691.0,35208.0,35500.0,34300.0,35000.0,34600.0,34588.85647272325,34851.748148792685,3835260093.595666,0.2199692866098617,positive,35500.0,34600.0,1070993279.80055,35500.0,34000.0,1095708390.9692883,509495973.7095077,35000.0,1206900571.0808568
2026-04-10,Fri,True,35569.0,35569.0,35567.0,71146.0,35222.0,36000.0,34000.0,35000.0,34600.0,34615.24571471898,34994.09600970401,3599736624.526364,0.3613504794716951,positive,36000.0,34600.0,561517761.527358,36000.0,34000.0,584627769.085084,347967502.42826337,35000.0,711635481.4347291
2026-04-13,Mon,False,35458.0,35650.0,35652.0,39146.0,35730.0,36000.0,34000.0,35000.0,35100.0,35141.900417327095,35322.167195039925,3317198200.735706,0.1969820102681772,positive,36000.0,35100.0,808855638.2643654,36000.0,35000.0,848825004.9594359,590446719.6505312,35000.0,1157949789.295882
2026-04-14,Tue,False,36366.0,36649.0,36639.0,64024.0,36215.0,36500.0,35800.0,36000.0,,36090.53111397584,36469.873451356776,5738190574.853642,0.2149774457494326,positive,36500.0,,1597187543.4281988,36500.0,36000.0,1718732453.402649,1154679073.173095,36000.0,2062191480.0153687
2026-04-15,Wed,True,36789.0,36985.0,36977.0,73200.0,36984.0,38000.0,36000.0,37000.0,36100.0,36634.5242121096,36438.07828490535,519223823.2328876,0.0786058408251243,positive,38000.0,36100.0,213096120.75602216,37000.0,36000.0,301900414.35901254,192027960.4432248,37000.0,394642678.4169369
2026-04-16,Thu,False,37445.0,37649.0,37645.0,77142.0,37226.0,38000.0,36000.0,37000.0,36100.0,37086.76576510978,36206.24521137841,4112892070.9453726,0.2444167873126125,positive,38000.0,36100.0,904480487.487182,38000.0,37000.0,909954406.0802392,518497555.2491194,37000.0,970713916.7257673
2026-04-17,Fri,True,36872.0,37078.0,37083.0,78627.0,37143.0,38000.0,36000.0,37000.0,36600.0,36753.65793864644,36043.70693363209,408691423.4150857,0.0541690623991719,positive,38000.0,36600.0,274491239.059544,38000.0,36000.0,280803451.0534383,262911747.3256117,37000.0,381688689.0756581
2026-04-20,Mon,False,36973.0,37240.0,37254.0,79491.0,37742.0,38000.0,36800.0,37000.0,36100.0,37189.35200199792,36303.83848118902,-2413895955.590904,0.1452954295107072,negative,38000.0,36100.0,505592827.9722661,38000.0,37000.0,522873430.4930029,655229878.9429477,37000.0,976518160.5242412
2026-04-21,Tue,False,37721.0,38048.0,38048.0,82127.0,37621.0,38000.0,37000.0,38000.0,37100.0,37577.03204047317,36558.25046392344,3235835927.5739946,0.1360611734361257,positive,38000.0,37100.0,1188665310.8498929,38000.0,37000.0,1308213947.3718731,800629222.821572,38000.0,1427762583.8938534
2026-04-22,Wed,True,37951.0,38216.0,38206.0,81421.0,37904.0,38500.0,37600.0,38000.0,37100.0,37774.72401870307,36301.54620838292,664203852.2431269,0.0861293966775734,positive,38500.0,37100.0,344911048.21488804,38500.0,37600.0,365732232.54033273,216880547.50131088,38000.0,497202584.5912396
2026-04-23,Thu,False,37710.0,37851.0,37875.0,78250.0,38746.0,38500.0,37000.0,38000.0,37100.0,37732.233537028274,36406.31309538875,-258547148.9054997,0.0132048878187456,neutral,38500.0,37100.0,709901305.9946687,38000.0,37500.0,881919365.9682118,624599226.2196815,38000.0,1405550106.030095
2026-04-24,Fri,True,39025.0,39222.0,39224.0,79817.0,38047.0,40000.0,36000.0,40000.0,38700.0,38409.55834190097,36575.70540549472,1026709374.4329158,0.1658606762901424,positive,40000.0,38700.0,356134179.9972856,40000.0,36000.0,358779622.3498274,159839547.1867178,40000.0,361425064.7023692
2026-04-27,Mon,False,39674.0,39921.0,39888.0,79918.0,39766.0,40000.0,38000.0,40000.0,39100.0,39521.85919604942,37392.09251059872,899403509.3389715,0.0687238579520334,positive,40000.0,39100.0,963888944.9379864,40000.0,38000.0,1082114706.0623271,385712705.4986239,40000.0,1200340467.186668
2026-04-28,Tue,False,39537.0,39733.0,39749.0,79804.0,39719.0,40000.0,39000.0,40000.0,39100.0,39580.376796709264,38334.23145407793,-640429512.2235217,0.0318372098735681,neutral,40000.0,39100.0,1308829635.5090003,40000.0,39000.0,1494217605.20339,722772783.7147709,40000.0,1679605574.8977797
2026-04-29,Wed,True,39345.0,39479.0,39490.0,79818.0,39461.0,40000.0,36000.0,40000.0,38900.0,39137.77093041156,38171.97720856022,329128585.8456092,0.0535993911653811,positive,40000.0,38900.0,258249574.45729613,40000.0,38000.0,287950401.27977294,147871316.09893435,40000.0,317651228.10224974
2026-04-30,Thu,False,39212.0,39342.0,39360.0,79725.0,39337.0,40000.0,38500.0,38000.0,38900.0,39322.14653878164,38689.80704006998,-694286320.424036,0.0563993092323249,negative,40000.0,38900.0,439263182.7687323,40000.0,38000.0,477850936.7301273,400753361.43724334,38000.0,536082045.832284
2026-05-04,Mon,False,40807.0,41056.0,41031.0,82619.0,40103.0,41000.0,38500.0,40000.0,40400.0,40315.60299485204,38975.86971286252,1291779456.7517705,0.1663694365087805,positive,41000.0,40400.0,305991965.9467205,41000.0,40000.0,389587842.2901796,267335181.38685656,40000.0,473443941.95631945
2026-05-05,Tue,False,40810.0,41034.0,41035.0,83828.0,40788.0,41200.0,40300.0,41000.0,40600.0,40643.91355944923,39382.55772139876,2239393067.373184,0.1251628377229084,positive,41200.0,40600.0,826269665.0510279,41000.0,40000.0,944908946.5822464,625214743.0124699,41000.0,1111018504.6119845
2026-05-06,Wed,True,41327.0,41514.0,41503.0,84612.0,41555.0,43000.0,38700.0,40000.0,40900.0,41056.6760885496,39701.1432009896,523076170.38241565,0.0759580853998089,positive,43000.0,40900.0,220089381.98243788,43000.0,40000.0,220466841.6950042,220385330.41436937,40000.0,368934789.1144567
2026-05-07,Thu,False,42060.0,42352.0,42340.0,86565.0,42320.0,42800.0,41000.0,42000.0,41700.0,41880.15670997791,40387.00110539991,2168083687.4554653,0.1242189749613087,positive,42800.0,41700.0,663653755.8494822,42800.0,41000.0,673293767.6324497,471332980.8711785,42000.0,974567235.679816
2026-05-08,Fri,True,41735.0,41931.0,41937.0,89587.0,41941.0,43000.0,41000.0,40000.0,41100.0,41607.24684362828,40634.602548538176,232969555.689176,0.0324812000881566,neutral,43000.0,41100.0,227542568.52056035,43000.0,40000.0,229330272.9550756,213867490.09007645,40000.0,358511439.4656645
2026-05-11,Mon,False,41767.0,41969.0,41945.0,89581.0,42292.0,42400.0,41000.0,42000.0,41300.0,41836.53895587004,40799.47385457494,-645400220.3226776,0.0406038511568006,neutral,41000.0,41300.0,-478663026.3209079,42400.0,41000.0,577751378.9536672,572645998.2563485,42000.0,755712503.7180285
2026-05-12,Tue,False,41565.0,41704.0,41695.0,87671.0,42278.0,42400.0,41000.0,41000.0,41300.0,41911.35492530859,41221.81542436616,-5710876170.020423,0.2413307906170172,negative,41000.0,41300.0,-1208383624.2921174,42000.0,41000.0,633440966.9820956,1300468822.6477516,41000.0,1392554021.0033858
2026-05-13,Wed,True,41398.0,41448.0,41469.0,86783.0,41136.0,43000.0,40600.0,41000.0,41100.0,41489.05277172811,41834.07631932917,-301185001.4142585,0.0315607276051278,neutral,40600.0,41100.0,-324870379.18843967,42000.0,41000.0,299758759.7575331,389225912.0418312,41000.0,492756188.23359215
2026-05-14,Thu,False,41620.0,41636.0,41602.0,83666.0,41756.0,42000.0,41000.0,42000.0,41400.0,41741.162599127776,41992.88012887848,-2004176649.588888,0.0899480056747655,negative,42000.0,41400.0,1072307216.7362212,42000.0,41000.0,1230899294.4623823,944190151.622856,42000.0,1389491372.188543
2026-05-15,Fri,True,41005.0,40998.0,41012.0,75507.0,42359.0,43000.0,41000.0,41000.0,40900.0,41449.01026025655,42409.48937559976,-1255659742.286279,0.1269997068308023,negative,41000.0,40900.0,-346043585.5895875,42000.0,41000.0,295556502.42696464,460984363.5033437,41000.0,575925141.4170997
2026-05-18,Mon,False,40801.0,40963.0,40965.0,46307.0,40713.0,42000.0,40000.0,41000.0,40300.0,40849.194181142935,41983.82757451509,-403606877.0712707,0.0236277969682337,neutral,40000.0,40300.0,-476759819.21497023,41000.0,40000.0,523705115.0436823,689031092.8439928,41000.0,1015010445.2199112
2026-05-19,Tue,False,40235.0,40399.0,40383.0,72130.0,41070.0,41000.0,40000.0,40000.0,39900.0,40620.92472298154,41681.82263123769,-5595551578.833255,0.233937206400313,negative,40000.0,39900.0,-958222143.098368,41000.0,40000.0,770104144.6403126,1340286509.7361577,40000.0,1722350876.3739474
2026-05-20,Wed,True,40044.0,40124.0,40134.0,80211.0,40300.0,41000.0,39000.0,40000.0,39900.0,40229.88698292557,40610.16137251401,-394841155.8825756,0.0749922370247944,negative,41000.0,39900.0,185445468.2129459,41000.0,40000.0,219360125.5406355,210933230.8340709,40000.0,293617349.4408205
2026-05-21,Thu,False,41359.0,41503.0,41473.0,81626.0,40990.0,42000.0,40000.0,41000.0,41100.0,41257.06547399103,40470.39906036941,1346431009.5277276,0.0745617881935271,positive,42000.0,41100.0,737638094.8606325,42000.0,41000.0,773470598.7846878,781545188.5234907,41000.0,1193040803.5212965
2026-05-22,Fri,True,42329.0,42455.0,42442.0,82109.0,41791.0,42500.0,40000.0,42500.0,42100.0,41823.37843923811,40656.94143387675,1112355362.4244184,0.1707709175918172,positive,42500.0,42100.0,390146803.5947223,42500.0,42000.0,414487562.6858422,184647435.8844008,42500.0,438828321.77696216
2026-05-25,Mon,False,43689.0,43870.0,43877.0,86161.0,42634.0,44000.0,42000.0,44000.0,43100.0,43305.15528107138,41292.51811196723,2936741349.048527,0.1997474756939696,positive,44000.0,43100.0,688809968.3652387,44000.0,43000.0,748592552.2429637,443541494.3481932,44000.0,808375136.1206887
2026-05-26,Tue,False,43681.0,43864.0,43893.0,87668.0,44389.0,44000.0,43400.0,44000.0,43100.0,43477.27020059931,42080.0186704436,3297857689.612837,0.1379773820442166,positive,44000.0,43100.0,1227284093.349932,44000.0,43000.0,1430356135.8336968,713701763.5953276,44000.0,1633428178.3174615
2026-05-27,Wed,True,44519.0,44794.0,44798.0,88791.0,44438.0,45000.0,44000.0,44000.0,44100.0,44367.889721992135,42408.88990858593,316339537.02784824,0.0483928155891585,neutral,45000.0,44100.0,353207903.67230165,45000.0,44000.0,371209106.1983431,288239671.1762459,44000.0,405740746.8330955
2026-05-28,Thu,False,43648.0,43839.0,43842.0,92824.0,45239.0,44250.0,43000.0,44000.0,43400.0,43868.53396681497,42578.230508968016,-1690162883.2389283,0.0950887803728835,negative,44250.0,43400.0,610940424.060693,44250.0,43000.0,760031218.6198705,554659607.0425489,44000.0,984605797.5964644
2026-05-29,Fri,True,45060.0,45315.0,45285.0,91961.0,44789.0,46000.0,43000.0,45000.0,44600.0,44637.47624040733,42824.04772508072,579654010.8721184,0.1008783098736181,positive,46000.0,44600.0,195875782.197251,46000.0,43000.0,200550077.7554954,136731536.4744482,45000.0,248421408.18101984
2026-06-01,Mon,False,45668.0,46041.0,46035.0,94962.0,45069.0,46500.0,44000.0,46000.0,45300.0,45348.08560428476,43674.59853094993,1965313624.9279816,0.1446019852987613,positive,46500.0,45300.0,534186639.982419,45800.0,44000.0,540445850.9655046,322201153.39841294,46000.0,628205036.2832754
2026-06-02,Tue,False,45761.0,46103.0,46087.0,96365.0,46546.0,46000.0,44800.0,46000.0,45100.0,45417.69110312101,44033.09653325039,4819586966.525209,0.2179623902424879,positive,46000.0,45100.0,1047455689.2483606,46000.0,45000.0,1220119576.8755295,614822551.6028175,46000.0,1392783464.5026984
2026-06-03,Wed,True,46575.0,46857.0,46868.0,96784.0,46686.0,47000.0,43400.0,46000.0,46100.0,46097.250666286185,44462.93823201688,1013319954.9772724,0.1530921611910768,positive,47000.0,46100.0,245338933.3583188,47000.0,46000.0,261882537.7527032,148108140.55483782,46000.0,306877814.99166507
2026-06-04,Thu,False,46006.0,46310.0,46294.0,98581.0,46537.0,47000.0,45500.0,46000.0,45900.0,45836.383417401696,44471.33069832083,2139884704.281499,0.0972647480979549,positive,47000.0,45900.0,874781218.377212,47000.0,46000.0,899057450.6073477,633970918.7602156,46000.0,1097094073.0233665
2026-06-05,Fri,True,45050.0,45226.0,45211.0,96005.0,46342.0,47000.0,44500.0,46000.0,44600.0,44935.51465463053,44295.21531409404,218081428.22287223,0.0308270718533959,neutral,47000.0,44600.0,208568622.45784712,46000.0,44000.0,271780416.3035275,208363245.3471896,46000.0,347483725.380465
2026-06-08,Mon,False,43110.0,43083.0,43080.0,91436.0,42220.0,45000.0,42000.0,44000.0,42900.0,43531.69501687073,43846.82963709617,-1690507102.835395,0.1305878326181025,negative,42000.0,42900.0,-430401236.01636297,45000.0,42000.0,407857409.9212813,478575945.3084613,44000.0,591226534.3851838
2026-06-09,Tue,False,44683.0,44677.0,44665.0,86704.0,43999.0,45000.0,43800.0,45000.0,44400.0,44293.89089902479,44181.05774375833,4563650002.28319,0.1901077988128939,positive,45000.0,44400.0,813924308.4270654,45000.0,44000.0,1124416554.3466327,588032954.1246259,45000.0,1434908800.2662
2026-06-10,Wed,True,43430.0,43367.0,43422.0,82895.0,43878.0,45000.0,40000.0,43000.0,43100.0,43867.884974580586,44959.63202386225,-761255799.830781,0.0991195536724485,negative,40000.0,43100.0,-253830486.660251,45000.0,43000.0,270060986.53994393,327915749.0598375,43000.0,420055756.8841492
2026-06-11,Thu,False,43213.0,43219.0,43241.0,77902.0,42615.0,44000.0,42000.0,44000.0,42900.0,43029.71902918899,44623.91708590424,1367605045.1070435,0.0869271632599321,positive,44000.0,42900.0,621973051.9412673,44000.0,43000.0,749227307.7350667,554888146.4400373,44000.0,876481563.528866
2026-06-12,Fri,True,44205.0,44217.0,44188.0,71366.0,44382.0,45000.0,42000.0,45000.0,43900.0,43846.37632032191,45721.674825833805,683943048.899367,0.0848595637656172,positive,45000.0,43900.0,265022583.7274108,45000.0,43000.0,352601953.7662336,294607461.64336216,45000.0,440181323.80505645
2026-06-15,Mon,False,45600.0,45820.0,45817.0,56300.0,44780.0,46000.0,44000.0,45000.0,45300.0,45016.23554634661,45327.43924479061,3506305040.0994806,0.2288013488988059,positive,45500.0,45300.0,636686197.0803894,45500.0,45000.0,793727432.9472135,459689338.0741652,45000.0,993860287.8769468
2026-06-16,Tue,False,45769.0,45839.0,45849.0,80581.0,46430.0,46000.0,45000.0,46000.0,45100.0,45365.52168468559,45867.08861999224,5294628070.026601,0.2287273932772758,positive,46000.0,45100.0,1304920446.076444,46000.0,45000.0,1714298404.0383873,904358888.5506276,46000.0,2123676362.0003307
2026-06-17,Wed,True,45955.0,46011.0,46031.0,90086.0,45150.0,47000.0,43000.0,47000.0,45700.0,45419.383493925845,44384.02151848217,620059927.8225113,0.1619265125261794,positive,47000.0,45700.0,164796512.05912036,47000.0,43000.0,167968624.69791657,105237426.37681332,47000.0,171140737.33671278
2026-06-18,Thu,False,46609.0,46752.0,46769.0,92786.0,46036.0,46700.0,45000.0,46700.0,46400.0,46004.63806878252,44866.78061119646,4082703588.119208,0.3114919915828162,positive,46700.0,46400.0,820267699.6914814,46700.0,46000.0,845128711.0862532,364819661.2122821,46700.0,869989722.481025
2026-06-22,Mon,False,48127.0,48428.0,48413.0,97365.0,47565.0,49000.0,47250.0,48000.0,47900.0,47679.10879619862,45606.409001671054,1265648457.236188,0.1864556450740209,positive,49000.0,47900.0,230032898.4997882,48000.0,47000.0,309605624.8447276,164082152.36943334,48000.0,422945719.9513416
2026-06-23,Tue,False,47147.0,47437.0,47436.0,100889.0,48883.0,48000.0,47000.0,47000.0,46700.0,47457.08441849209,46551.0470247382,-3024227350.454358,0.1734623028605884,negative,48000.0,46700.0,518482614.7881839,48000.0,47000.0,668639122.554797,694480833.8013788,47000.0,872467402.8568406
2026-06-24,Wed,True,46260.0,46407.0,46387.0,104070.0,46207.0,50000.0,45000.0,47000.0,46100.0,46059.35236004762,45693.41563565525,340278003.01945007,0.0536289684153729,positive,45000.0,46100.0,-212616540.1148669,47000.0,45000.0,217481113.74079368,234559517.1902396,47000.0,295428091.56670904
2026-06-25,Thu,False,46426.0,46527.0,46544.0,101138.0,46910.0,47000.0,45000.0,47000.0,45900.0,46174.37315465864,45804.4048442109,2156640120.9937468,0.1345327317275121,positive,47000.0,45900.0,569860399.5479921,47000.0,46000.0,681843276.3358089,522773893.8910406,47000.0,793826153.1236256
2026-06-26,Fri,True,44395.0,44452.0,44373.0,101073.0,45805.0,50000.0,43000.0,45000.0,43600.0,45196.26069946535,45442.31870245366,-813308767.6707454,0.1487144964806772,negative,43000.0,43600.0,-207415101.2644325,47000.0,43000.0,140390442.84921643,221463820.91034383,45000.0,251086496.3879065
2026-06-29,Mon,False,45385.0,45556.0,45550.0,100919.0,44995.0,47000.0,44000.0,46000.0,44600.0,45130.68532542787,45439.964453112734,1146504230.7947254,0.0983077393073558,positive,47000.0,44600.0,320244926.2103336,46000.0,45000.0,482690337.2376494,324707888.71277773,46000.0,651439690.3919946
2026-06-30,Tue,False,46536.0,46779.0,46730.0,104145.0,46361.0,47000.0,45000.0,46500.0,46300.0,46078.8977160885,45497.29225701663,4436691273.678062,0.2317252242704968,positive,46500.0,46300.0,938039474.1426806,46500.0,46000.0,1096587315.099915,638158824.0174371,46500.0,1255135156.0571494
2026-07-01,Wed,True,47045.0,47221.0,47231.0,105030.0,47428.0,50000.0,45000.0,47000.0,46900.0,46492.29539934677,45608.15655434756,937050833.8527192,0.1446714212391076,positive,50000.0,46900.0,279803239.15158504,50000.0,46500.0,281529812.12824625,159630640.7291518,47000.0,295734871.3462897
2026-07-02,Thu,False,46505.0,46606.0,46599.0,104510.0,46354.0,47400.0,45000.0,47000.0,46100.0,46411.851356717714,45534.78006252626,817307988.5250473,0.050674302992604,positive,47400.0,46100.0,746457754.7908298,47400.0,46000.0,764098063.9810274,487199080.7597784,47000.0,815494109.07992
2026-07-03,Fri,True,46845.0,47000.0,46966.0,103141.0,45668.0,48000.0,45000.0,48000.0,46100.0,45984.75219628625,45578.3984821693,1641249387.048627,0.2148252612473158,positive,48000.0,46100.0,471774365.4025041,48000.0,46000.0,486352199.8917648,226896972.1751361,48000.0,500930034.3810256
2026-07-06,Mon,False,46761.0,46874.0,46886.0,100870.0,47116.0,48000.0,46000.0,46000.0,46100.0,46539.02456615746,46024.77519777245,1304708815.469655,0.0942321154344562,positive,48000.0,46100.0,773094608.4144434,48000.0,46000.0,791606255.775984,756855127.2153218,46000.0,900151464.1136082
2026-07-07,Tue,False,45621.0,45695.0,45775.0,100160.0,47340.0,47000.0,45000.0,46000.0,45100.0,46132.85087702824,46048.98617182638,-5034972266.337138,0.265243050052473,negative,46000.0,45100.0,-824689413.8236109,46000.0,46000.0,507800680.1860045,1332490094.0096154,46000.0,1840290774.19562
2026-07-08,Wed,True,45505.0,45563.0,45564.0,96273.0,45207.0,47000.0,45000.0,46000.0,45100.0,45764.88737032442,,-543044791.6887617,0.0727867727615987,negative,45000.0,45100.0,-228970807.9616552,47000.0,45000.0,266079312.5334477,269624338.8383666,46000.0,443910275.2076775
2026-07-09,Thu,False,45564.0,45648.0,45678.0,91340.0,45727.0,46500.0,45000.0,46000.0,45100.0,45528.68455534885,48560.70315356062,322888906.8398176,0.0203359265897445,neutral,45000.0,45100.0,-471412253.8889484,46000.0,45000.0,528413990.9042209,591392185.4109243,46000.0,790152836.6950059
2026-07-13,Mon,False,45585.0,45926.0,45980.0,56480.0,46522.0,47000.0,45000.0,46000.0,45100.0,45718.51073030082,48061.00728102445,-560722526.5313613,0.0586423196022107,negative,45000.0,45100.0,-455530904.467153,47000.0,45000.0,372532782.4454141,521101424.4897052,46000.0,635700807.9151468
2026-07-14,Tue,False,44798.0,45145.0,45135.0,92298.0,45412.0,45800.0,44000.0,45000.0,44300.0,44885.473192967605,46286.921657622406,-1003142239.8153148,0.0530184874073689,negative,44000.0,44300.0,-785955469.3028494,45000.0,44000.0,760312624.3709332,890411751.5085014,45000.0,1454811384.2953906
2026-07-15,Wed,True,45675.0,46066.0,46050.0,101230.0,45399.0,47000.0,44000.0,44800.0,45400.0,45436.28813808621,45813.68795583622,354368481.8863869,0.0884964904001475,positive,47000.0,45400.0,125005539.73296577,47000.0,44000.0,131163255.33449174,114661549.69720504,44800.0,169263977.78956646
2026-07-16,Thu,False,45391.0,45691.0,45700.0,106669.0,45817.0,46000.0,44000.0,46000.0,45100.0,45344.158045575095,45396.451978601006,366260460.61857474,0.0266113318105823,neutral,46000.0,45100.0,422224808.2363228,46000.0,45000.0,512771576.8918211,379689984.1084119,46000.0,603318345.5473194
2026-07-17,Fri,True,42555.0,42604.0,42725.0,110864.0,44715.0,45000.0,42000.0,42200.0,42300.0,43724.93447543546,43948.98664553164,-1471363722.535479,0.2798469276940458,negative,42000.0,42300.0,-197734277.2306255,45000.0,42000.0,110149139.80975118,238532175.16221428,42200.0,280051372.6878677
2026-07-20,Mon,False,42535.0,42662.0,42641.0,107003.0,43481.0,44000.0,41000.0,42000.0,42300.0,42957.47973992321,43739.59459169825,-1774493148.4877346,0.185656412707751,negative,41000.0,42300.0,-327005367.4596914,44000.0,42000.0,250987441.8929808,368617975.4749866,42000.0,488187139.9108625
2026-07-21,Tue,False,44215.0,44375.0,44377.0,106920.0,42979.0,45000.0,43000.0,45000.0,43900.0,43741.04450286839,44216.60750504192,5061024064.645615,0.3104764681695218,positive,45000.0,43900.0,734906667.1457957,45000.0,43000.0,789172845.9198875,294551211.34291804,45000.0,843439024.6939794
2026-07-22,Wed,True,44580.0,44645.0,44631.0,103996.0,44961.0,46000.0,44000.0,45000.0,44100.0,44394.634722397976,44266.93082276613,397395657.90682906,0.0689343572942478,positive,46000.0,44100.0,195992118.83540463,45000.0,44000.0,249531228.85093072,210568451.6278148,45000.0,361207609.4057449
2026-07-23,Thu,False,44771.0,44912.0,44930.0,103097.0,45034.0,45500.0,44000.0,45000.0,44600.0,44561.08831992062,44352.59894361421,2037999512.9103253,0.1387241770756137,positive,45500.0,44600.0,560169665.4909573,45000.0,44000.0,661818737.4987513,471010095.1853859,45000.0,1001083464.6814972
2026-07-24,Fri,True,43565.0,43814.0,43905.0,102415.0,44391.0,45000.0,40000.0,45000.0,43400.0,43710.32047998794,44550.33055335918,-198867531.05048776,0.0400142879001891,neutral,40000.0,43100.0,-168914277.31125373,45000.0,40000.0,149601686.81169218,172488352.46781605,45000.0,198872371.8830647
2026-07-27,Mon,False,43727.0,43880.0,43907.0,103970.0,43369.0,45000.0,43000.0,45000.0,43200.0,43506.86955445283,44433.84955005391,1166925442.8944027,0.1077355684978182,positive,45000.0,43200.0,411864144.36309993,45000.0,43000.0,464998502.4054957,431836586.97152543,45000.0,518132860.44789135
2026-07-28,Tue,False,41573.0,41573.0,41613.0,104993.0,43172.0,43500.0,41000.0,41000.0,41100.0,42409.74127642374,43513.92212830587,-5058198906.801558,0.347423464349643,negative,41000.0,41100.0,-873512330.169232,42000.0,41000.0,278317335.1245409,883263181.658382,41000.0,893014033.1475321
2026-07-29,Wed,True,40315.0,40328.0,40392.0,108507.0,41889.0,44500.0,37200.0,39000.0,39100.0,40843.45251704213,42842.21128053572,-559657486.8914264,0.1225523914403485,negative,37200.0,39100.0,-168549064.46346563,42000.0,39000.0,138956751.46755096,197017922.46217605,39000.0,260116424.1344156
2026-07-30,Thu,False,40140.0,40286.0,40270.0,108640.0,39645.0,41000.0,39400.0,40000.0,39600.0,40474.87962856905,,-1269352566.611903,0.1460752298936409,negative,39400.0,39600.0,-409420329.4970666,41000.0,39400.0,300259359.623888,413871920.4353628,40000.0,430246900.47984827
2026-07-31,Fri,True,43200.0,43727.0,43678.0,111302.0,41859.0,45000.0,40000.0,42000.0,42900.0,42959.83130136009,43481.963394042265,220475244.1174922,0.0433651030814867,neutral,40000.0,42900.0,-170330852.12564024,45000.0,40000.0,162222997.8012965,181122534.09145,42000.0,211482183.37263417
2026-08-03,Mon,False,43105.0,43219.0,43230.0,109589.0,42650.0,44000.0,40000.0,44000.0,42900.0,42771.632854899726,43372.218969810034,1166393601.499346,0.1178269534984021,positive,44000.0,42900.0,689234590.7534559,44000.0,40000.0,761370800.1650827,280808424.93387073,44000.0,833507009.5767095
2026-08-04,Tue,False,43352.0,43344.0,43357.0,106602.0,43152.0,44000.0,41500.0,44000.0,42700.0,42957.54132142426,43319.515451638224,3161909746.2833705,0.2066953458635189,positive,44000.0,42700.0,1287416080.4950705,44000.0,43000.0,1383818517.8909638,400143731.0558476,44000.0,1480220955.2868571
2026-08-05,Wed,True,44475.0,44537.0,44514.0,106247.0,44539.0,46000.0,43000.0,45000.0,44100.0,43938.43595951216,43509.198383106544,986162088.8488967,0.1467484308025926,positive,46000.0,44100.0,286620354.44630754,46000.0,44000.0,311166187.74102354,200624209.65752557,45000.0,377082500.75817287
2026-08-06,Thu,False,44271.0,44258.0,44280.0,106827.0,44278.0,45000.0,43000.0,45000.0,44100.0,43998.57891467356,43371.29082562736,2038557322.6308112,0.1470456002336397,positive,45000.0,44100.0,865909580.19707,45000.0,44000.0,945515186.3119107,479390024.98884696,45000.0,1025120792.4267516
2026-08-07,Fri,True,44205.0,44297.0,44349.0,102679.0,44543.0,45000.0,43000.0,45000.0,43700.0,43516.44712846207,43391.99149250633,1151665092.074499,0.1751499254122391,positive,45000.0,43700.0,291838300.5834917,45000.0,43000.0,363761602.6741997,316314567.8051263,45000.0,435684904.7649076
2026-08-10,Mon,False,44860.0,44990.0,44987.0,101913.0,45033.0,45000.0,44000.0,44000.0,44100.0,44632.41164881443,43864.36321117041,1171275934.3892226,0.0865355069272356,positive,44000.0,44100.0,-1237377234.0813718,45000.0,44000.0,719105870.3743285,1315661523.0742798,44000.0,1393945812.0671878
2026-08-11,Tue,False,45042.0,45085.0,45090.0,99034.0,44719.0,46000.0,44000.0,44000.0,44100.0,44854.56983079265,44090.99637529601,2430755979.0089607,0.119796110992385,positive,44000.0,44100.0,-1823648253.3033328,45000.0,44000.0,1196790541.5981846,1913496950.0909595,44000.0,2003345646.8785863
2026-08-12,Wed,True,45428.0,45516.0,45528.0,95311.0,45279.0,46000.0,44000.0,46000.0,45100.0,44721.14487470191,45491.45158491253,1974125359.3101263,0.2338862255252408,positive,46000.0,45100.0,481680167.8919944,46000.0,44000.0,519253298.0923148,231105052.8302075,46000.0,556826428.2926352
2026-08-13,Thu,False,45949.0,46025.0,46005.0,92571.0,46117.0,47000.0,45000.0,46000.0,45700.0,45657.37908036341,45858.44763622761,3453509833.653624,0.1811820488203579,positive,47000.0,45700.0,689407125.9546294,46000.0,45500.0,1159096742.8055463,607916794.9001985,46000.0,1659666587.7182012
2026-08-14,Fri,True,45837.0,45812.0,45841.0,84339.0,46389.0,47000.0,45000.0,46000.0,45700.0,45242.02884819872,46014.11823224793,1754123262.086937,0.1884240179939282,positive,47000.0,45700.0,407622580.47114015,46000.0,45000.0,582133510.4515005,395861593.1452793,46000.0,795682773.9782807
2026-08-17,Mon,False,45892.0,46009.0,46033.0,62249.0,45865.0,46000.0,45000.0,46000.0,45700.0,45671.91158147233,46182.85487216026,2169099069.9373574,0.1258242042420764,positive,46000.0,45700.0,656914162.8415868,46000.0,45000.0,1029790794.3789508,795085015.510178,46000.0,1402667425.9163146
2026-08-18,Tue,False,45092.0,45173.0,45166.0,94543.0,45932.0,46000.0,45000.0,45000.0,44600.0,45236.4551982595,46162.28567039991,-2129294838.921935,0.089670399007234,negative,45000.0,44600.0,-1178654589.7546475,46000.0,45000.0,931178530.7640486,1656762298.964084,45000.0,2134870008.17352
2026-08-19,Wed,True,44461.0,44500.0,44528.0,100399.0,44626.0,45700.0,44000.0,45000.0,44200.0,44327.61447090135,44569.6375751146,263504511.436734,0.0463454513362782,neutral,44000.0,44200.0,-241004288.42300737,45000.0,44000.0,197052438.14397568,246604874.6314514,45000.0,303090878.7641788
2026-08-20,Thu,False,44843.0,44903.0,44868.0,102620.0,44802.0,45000.0,44000.0,45000.0,44200.0,44657.81821262192,43739.82425771783,2234485195.044926,0.1338303837769594,positive,45000.0,44200.0,605083753.6126901,45000.0,44000.0,878579579.2531763,616628378.2678902,45000.0,1152075404.8936625
2026-08-21,Fri,True,45061.0,45138.0,45148.0,102342.0,44804.0,46000.0,44000.0,46000.0,44900.0,44560.83847555448,43661.8793051522,1028529471.3199089,0.1642875692268758,positive,46000.0,44900.0,282058792.7443201,46000.0,44000.0,308379812.35679674,217871845.35041612,46000.0,334700831.9692733
2026-08-24,Mon,False,44716.0,44740.0,44762.0,102558.0,45074.0,46000.0,44000.0,45000.0,44600.0,44767.32721800728,43758.40334725444,-365269157.892727,0.0274280819745905,neutral,44000.0,44600.0,-478396741.0277708,46000.0,44000.0,487201634.1539871,502455543.2611527,45000.0,869089819.0400323
2026-08-25,Tue,False,45021.0,45032.0,45027.0,102718.0,44532.0,45500.0,44000.0,45000.0,44600.0,44750.1776453522,43833.40867162074,3867546396.975288,0.1875042966636189,positive,45500.0,44600.0,734762005.6742098,45000.0,45000.0,1393491336.819358,877690438.35752,45000.0,2271181775.176878
2026-08-26,Wed,True,45870.0,46003.0,46011.0,106112.0,45437.0,46000.0,45000.0,46000.0,45100.0,45156.81926430375,44065.4141137075,1688804140.2110171,0.2201121358131941,positive,45000.0,45100.0,-210785571.87382752,46000.0,45000.0,272958002.0009275,277839433.4860745,46000.0,350161738.0906664
2026-08-27,Thu,False,45983.0,46064.0,46078.0,104881.0,45993.0,46500.0,45000.0,46000.0,45700.0,45883.83319668929,44412.67593406539,1388462638.993504,0.0693202292966098,positive,46500.0,45700.0,592909681.5089244,46500.0,46000.0,739494375.8429269,721140189.5000104,46000.0,1433906146.9146538
2026-08-28,Fri,True,46278.0,46357.0,46357.0,105613.0,46388.0,48000.0,45000.0,47000.0,46100.0,45414.46401370493,44697.04968349364,2042651554.5194645,0.2591417042262705,positive,48000.0,46100.0,269674664.206491,47000.0,45000.0,300279860.626919,255171877.13970867,47000.0,376343223.33607006
2026-08-31,Mon,False,45970.0,45977.0,45983.0,104409.0,45900.0,47000.0,45000.0,46000.0,45400.0,45645.059549124766,44893.75752239286,3459016765.632541,0.1859416491062114,positive,46500.0,45400.0,506659444.22056407,46000.0,45000.0,782750821.1690127,480372583.8206405,46000.0,1107421727.2143247
2026-09-01,Tue,False,47083.0,47201.0,47209.0,104368.0,45978.0,48000.0,46000.0,47000.0,46100.0,46692.06539890002,44939.19388043863,7600859655.662922,0.2676261534659838,positive,48000.0,46100.0,1287939310.519222,47000.0,46500.0,1475184197.6221285,818750522.3375065,47000.0,2158316969.353716
2026-09-02,Wed,True,46100.0,46165.0,46189.0,105419.0,46679.0,46500.0,45000.0,46000.0,45900.0,45414.11310766637,44799.93157073631,2208555056.7576547,0.2034786508947653,positive,46500.0,45900.0,280603894.1303983,46500.0,46000.0,377162665.05456495,373989514.87794495,46000.0,533012610.61561775
2026-09-03,Thu,False,45790.0,45819.0,45837.0,103513.0,46336.0,46500.0,45000.0,46000.0,45200.0,45886.2094687602,44995.25263002929,-1347827061.2265227,0.0571068756254566,negative,45000.0,45200.0,-972806533.1465088,46500.0,46000.0,755716161.7260817,1355397777.2381277,46000.0,2034514140.7769797
2026-09-04,Fri,True,46637.0,46709.0,46704.0,104112.0,46487.0,47000.0,45000.0,47000.0,46400.0,45663.00743608258,45164.25685831856,3027775757.315088,0.3016987629957529,positive,47000.0,46400.0,396276856.048294,47000.0,46000.0,527026342.2511838,299422814.4298478,47000.0,657775828.4540737
2026-09-07,Mon,False,47360.0,47462.0,47470.0,103693.0,47182.0,48000.0,46300.0,47000.0,46600.0,46915.58258916412,45441.49631283884,5642138665.089844,0.2790664540380727,positive,48000.0,46600.0,1110529600.0412192,48000.0,47000.0,1139331155.2241883,669279307.1066551,47000.0,1236962401.3598285
2026-09-08,Tue,False,46981.0,46955.0,46980.0,102168.0,47329.0,47500.0,46500.0,47000.0,46100.0,46938.75025979496,45544.13629785451,1110436031.2710462,0.0344845296363265,neutral,47500.0,46100.0,1437728782.0847304,47500.0,47000.0,1574300170.88989,1157386745.59901,47000.0,2227022528.406164
2026-09-09,Wed,True,47146.0,47178.0,47187.0,98469.0,47055.0,48000.0,46700.0,47000.0,46900.0,46287.48967839554,45913.26328942831,3146230305.0477786,0.2793142028646485,positive,48000.0,46900.0,477231888.6367793,48000.0,47000.0,503697657.7122613,443456772.1792426,47000.0,766271301.9023976
2026-09-10,Thu,False,46865.0,46869.0,46870.0,94990.0,46984.0,47500.0,46500.0,47000.0,46300.0,46566.47595508232,46139.48379039969,5392992102.860613,0.2147573058483115,positive,47500.0,46300.0,1117190228.782754,47000.0,46500.0,1463385086.2831137,799326898.5213466,47000.0,2177074796.3851485
2026-09-11,Fri,True,46212.0,46187.0,46218.0,88464.0,46072.0,47000.0,45000.0,45000.0,45900.0,45515.10025684617,46126.56632724889,2372955281.473415,0.2314713252682396,positive,45700.0,45900.0,330800547.26387966,47000.0,45000.0,475398926.44953,426275088.366666,45000.0,656853219.62253
2026-09-14,Mon,False,45782.0,45903.0,45902.0,59870.0,46743.0,46500.0,45500.0,46000.0,45100.0,45628.35669367683,46069.01544727608,1408359414.804557,0.0718745197314307,positive,45000.0,45100.0,-508070842.3447192,45700.0,45000.0,797447566.4445503,832059519.0536609,46000.0,1213999622.7712798
2026-09-15,Tue,False,45602.0,45727.0,45740.0,89861.0,45685.0,46000.0,45500.0,45500.0,45100.0,45625.174829565854,45596.76710105949,-498257955.0864812,0.0172547779121422,neutral,45500.0,45100.0,-1462845904.7909875,46000.0,45500.0,1497332005.0155425,1790526832.8499014,45500.0,2118207760.9088156
2026-09-16,Wed,True,45921.0,46060.0,46078.0,95896.0,45640.0,47000.0,44000.0,45000.0,45100.0,45205.261414681816,44864.36781912468,2032814132.7002456,0.2256711715106149,positive,47000.0,45100.0,360240124.91683406,47000.0,45000.0,389455867.4599692,305822323.3554097,45000.0,545667550.6348729
2026-09-17,Thu,False,46278.0,46459.0,46445.0,99476.0,46382.0,47000.0,46000.0,46000.0,45900.0,46177.56969051728,44355.77181518717,2052105811.1522653,0.0832292937420708,positive,46000.0,45900.0,-1145295156.962782,47000.0,46000.0,1129331576.392829,1551835403.786144,46000.0,1958375650.609506
2026-09-18,Fri,True,47137.0,47428.0,47418.0,101893.0,47160.0,48000.0,46000.0,47500.0,46700.0,46014.833343126695,44293.305384994754,3488820561.139904,0.3516582559738368,positive,48000.0,46700.0,475375344.738529,47500.0,46000.0,507734330.595096,264315138.6007397,47500.0,587235132.7374238
2026-09-21,Mon,False,47803.0,48053.0,48077.0,101502.0,47405.0,48000.0,47000.0,47500.0,47100.0,47308.50153172988,44995.5609599667,5268759968.754719,0.2587062718058902,positive,48000.0,47100.0,908540209.9230616,48000.0,47000.0,1094692687.199787,661140886.8489653,47500.0,1344504535.2163167
2026-09-22,Tue,False,47971.0,48225.0,48243.0,102946.0,48781.0,48500.0,47500.0,48000.0,47600.0,47784.30296082162,46182.763497315296,4659137972.527623,0.1239657513788447,positive,48500.0,47600.0,1086503379.2414296,48000.0,48000.0,1794301275.9551473,1472853287.446669,48000.0,3267154563.4018164
2026-09-23,Wed,True,48040.0,48312.0,48336.0,103311.0,48497.0,49000.0,46000.0,48000.0,47900.0,46756.93525333689,45731.25254148863,2109875936.3668013,0.255879955799335,positive,49000.0,47900.0,341186272.9381805,49000.0,47500.0,354775546.9268028,207820580.15900537,48000.0,429780336.7152803
2026-09-24,Thu,False,47897.0,48125.0,48123.0,101311.0,47909.0,49000.0,47800.0,47800.0,47600.0,47677.54000719479,45830.64514573056,1553580172.8304622,0.0906553206544529,positive,47800.0,47600.0,-717959043.7648444,49000.0,47800.0,664335472.4290959,897115974.5957911,47800.0,1076272905.4267378
