code,market,industry_code,sector
1101,上市,01,水泥工業
1102,上市,01,水泥工業
1103,上市,01,水泥工業
1104,上市,01,水泥工業
1108,上市,01,水泥工業
1109,上市,01,水泥工業
1110,上市,01,水泥工業
1201,上市,02,食品工業
1203,上市,02,食品工業
1210,上市,02,食品工業
1213,上市,02,食品工業
1215,上市,02,食品工業
1216,上市,02,食品工業
1217,上市,02,食品工業
1218,上市,02,食品工業
1219,上市,02,食品工業
1220,上市,02,食品工業
1225,上市,02,食品工業
1227,上市,02,食品工業
1229,上市,02,食品工業
1231,上市,02,食品工業
1232,上市,02,食品工業
1233,上市,02,食品工業
1234,上市,02,食品工業
1235,上市,02,食品工業
1236,上市,02,食品工業
1240,上櫃,33,農業科技業
1256,上市,02,食品工業
1259,上櫃,16,觀光餐旅
1264,上櫃,02,食品工業
1268,上櫃,16,觀光餐旅
1294,上櫃,02,食品工業
1295,上櫃,02,食品工業
1301,上市,03,塑膠工業
1303,上市,03,塑膠工業
1304,上市,03,塑膠工業
1305,上市,03,塑膠工業
1307,上市,03,塑膠工業
1308,上市,03,塑膠工業
1309,上市,03,塑膠工業
1310,上市,03,塑膠工業
1312,上市,03,塑膠工業
1313,上市,03,塑膠工業
1314,上市,03,塑膠工業
1315,上市,03,塑膠工業
1316,上市,14,建材營造
1319,上市,12,汽車工業
1321,上市,03,塑膠工業
1323,上市,03,塑膠工業
1324,上市,03,塑膠工業
1325,上市,03,塑膠工業
1326,上市,03,塑膠工業
1336,上櫃,28,電子零組件業
1337,上市,03,塑膠工業
1338,上市,12,汽車工業
1339,上市,12,汽車工業
1340,上市,03,塑膠工業
1341,上市,03,塑膠工業
1342,上市,20,其他
1402,上市,04,紡織纖維
1409,上市,04,紡織纖維
1410,上市,04,紡織纖維
1413,上市,04,紡織纖維
1414,上市,04,紡織纖維
1416,上市,20,其他
1417,上市,04,紡織纖維
1418,上市,04,紡織纖維
1419,上市,04,紡織纖維
1423,上市,04,紡織纖維
1432,上市,37,運動休閒
1434,上市,04,紡織纖維
1435,上市,20,其他
1436,上市,14,建材營造
1437,上市,20,其他
1438,上市,14,建材營造
1439,上市,14,建材營造
1440,上市,04,紡織纖維
1441,上市,04,紡織纖維
1442,上市,14,建材營造
1443,上市,20,其他
1444,上市,04,紡織纖維
1445,上市,04,紡織纖維
1446,上市,04,紡織纖維
1447,上市,04,紡織纖維
1449,上市,04,紡織纖維
1451,上市,04,紡織纖維
1452,上市,04,紡織纖維
1453,上市,14,建材營造
1454,上市,04,紡織纖維
1455,上市,04,紡織纖維
1456,上市,14,建材營造
1457,上市,04,紡織纖維
1459,上市,04,紡織纖維
1460,上市,04,紡織纖維
1463,上市,04,紡織纖維
1464,上市,04,紡織纖維
1465,上市,04,紡織纖維
1466,上市,04,紡織纖維
1467,上市,04,紡織纖維
1468,上市,04,紡織纖維
1470,上市,04,紡織纖維
1471,上市,28,電子零組件業
1472,上市,14,建材營造
1473,上市,04,紡織纖維
1474,上市,04,紡織纖維
1475,上市,04,紡織纖維
1476,上市,04,紡織纖維
1477,上市,04,紡織纖維
1503,上市,05,電機機械
1504,上市,05,電機機械
1506,上市,05,電機機械
1512,上市,12,汽車工業
1513,上市,05,電機機械
1514,上市,05,電機機械
1515,上市,05,電機機械
1516,上市,20,其他
1517,上市,05,電機機械
1519,上市,05,電機機械
1521,上市,12,汽車工業
1522,上市,12,汽車工業
1524,上市,12,汽車工業
1525,上市,12,汽車工業
1526,上市,05,電機機械
1527,上市,05,電機機械
1528,上市,05,電機機械
1529,上市,05,電機機械
1530,上市,05,電機機械
1531,上市,05,電機機械
1532,上市,05,電機機械
1533,上市,12,汽車工業
1535,上市,05,電機機械
1536,上市,12,汽車工業
1537,上市,05,電機機械
1538,上市,05,電機機械
1539,上市,05,電機機械
1540,上市,05,電機機械
1541,上市,05,電機機械
1558,上市,05,電機機械
1560,上市,05,電機機械
1563,上市,12,汽車工業
1565,上櫃,22,生技醫療業
1568,上市,12,汽車工業
1569,上櫃,25,電腦及週邊設備業
1570,上櫃,05,電機機械
1580,上櫃,05,電機機械
1582,上市,28,電子零組件業
1583,上市,05,電機機械
1584,上櫃,20,其他
1586,上櫃,05,電機機械
1587,上市,12,汽車工業
1589,上市,05,電機機械
1590,上市,05,電機機械
1591,上櫃,05,電機機械
1593,上櫃,37,運動休閒
1595,上櫃,24,半導體業
1597,上市,05,電機機械
1598,上市,37,運動休閒
1599,上櫃,05,電機機械
1603,上市,06,電器電纜
1604,上市,06,電器電纜
1605,上市,06,電器電纜
1608,上市,06,電器電纜
1609,上市,06,電器電纜
1611,上市,06,電器電纜
1612,上市,06,電器電纜
1614,上市,06,電器電纜
1615,上市,06,電器電纜
1616,上市,06,電器電纜
1617,上市,06,電器電纜
1618,上市,06,電器電纜
1623,上市,06,電器電纜
1626,上市,06,電器電纜
1702,上市,02,食品工業
1707,上市,22,生技醫療業
1708,上市,21,化學工業
1709,上市,21,化學工業
1710,上市,21,化學工業
1711,上市,21,化學工業
1712,上市,21,化學工業
1713,上市,21,化學工業
1714,上市,21,化學工業
1717,上市,21,化學工業
1718,上市,21,化學工業
1720,上市,22,生技醫療業
1721,上市,21,化學工業
1722,上市,21,化學工業
1723,上市,21,化學工業
1725,上市,21,化學工業
1726,上市,21,化學工業
1727,上市,21,化學工業
1730,上市,21,化學工業
1731,上市,22,生技醫療業
1732,上市,21,化學工業
1733,上市,22,生技醫療業
1734,上市,22,生技醫療業
1735,上市,21,化學工業
1736,上市,37,運動休閒
1737,上市,02,食品工業
1742,上櫃,21,化學工業
1752,上市,22,生技醫療業
1760,上市,22,生技醫療業
1762,上市,22,生技醫療業
1773,上市,21,化學工業
1776,上市,21,化學工業
1777,上櫃,22,生技醫療業
1780,上櫃,02,食品工業
1781,上櫃,22,生技醫療業
1783,上市,22,生技醫療業
1784,上櫃,22,生技醫療業
1785,上櫃,31,其他電子業
1786,上市,22,生技醫療業
1788,上櫃,22,生技醫療業
1789,上市,22,生技醫療業
1795,上市,22,生技醫療業
1796,上櫃,02,食品工業
1799,上櫃,22,生技醫療業
1802,上市,08,玻璃陶瓷
1805,上市,14,建材營造
1806,上市,08,玻璃陶瓷
1808,上市,14,建材營造
1809,上市,08,玻璃陶瓷
1810,上市,08,玻璃陶瓷
1813,上櫃,22,生技醫療業
1815,上櫃,28,電子零組件業
1817,上市,08,玻璃陶瓷
1903,上市,09,造紙工業
1904,上市,09,造紙工業
1905,上市,09,造紙工業
1906,上市,09,造紙工業
1907,上市,09,造紙工業
1909,上市,09,造紙工業
2002,上市,10,鋼鐵工業
2006,上市,10,鋼鐵工業
2007,上市,10,鋼鐵工業
2008,上市,10,鋼鐵工業
2009,上市,10,鋼鐵工業
2010,上市,10,鋼鐵工業
2012,上市,10,鋼鐵工業
2013,上市,10,鋼鐵工業
2014,上市,10,鋼鐵工業
2015,上市,10,鋼鐵工業
2017,上市,10,鋼鐵工業
2020,上市,10,鋼鐵工業
2022,上市,10,鋼鐵工業
2023,上市,10,鋼鐵工業
2024,上市,10,鋼鐵工業
2025,上市,10,鋼鐵工業
2027,上市,10,鋼鐵工業
2028,上市,10,鋼鐵工業
2029,上市,10,鋼鐵工業
2030,上市,10,鋼鐵工業
2031,上市,10,鋼鐵工業
2032,上市,10,鋼鐵工業
2033,上市,10,鋼鐵工業
2034,上市,10,鋼鐵工業
2035,上櫃,10,鋼鐵工業
2038,上市,10,鋼鐵工業
2049,上市,05,電機機械
2059,上市,28,電子零組件業
2061,上櫃,06,電器電纜
2062,上市,38,居家生活
2063,上櫃,10,鋼鐵工業
2064,上櫃,10,鋼鐵工業
2065,上櫃,10,鋼鐵工業
2066,上櫃,05,電機機械
2067,上櫃,05,電機機械
2069,上市,10,鋼鐵工業
2070,上櫃,05,電機機械
2072,上市,35,綠能環保
2073,上櫃,10,鋼鐵工業
2101,上市,11,橡膠工業
2102,上市,11,橡膠工業
2103,上市,11,橡膠工業
2104,上市,11,橡膠工業
2105,上市,11,橡膠工業
2106,上市,11,橡膠工業
2107,上市,11,橡膠工業
2108,上市,11,橡膠工業
2109,上市,11,橡膠工業
2114,上市,11,橡膠工業
2115,上市,12,汽車工業
2201,上市,12,汽車工業
2204,上市,12,汽車工業
2206,上市,12,汽車工業
2207,上市,12,汽車工業
2208,上市,15,航運業
2211,上市,10,鋼鐵工業
2221,上櫃,20,其他
2227,上市,12,汽車工業
2228,上市,12,汽車工業
2230,上櫃,38,居家生活
2231,上市,12,汽車工業
2233,上市,12,汽車工業
2235,上櫃,05,電機機械
2236,上市,12,汽車工業
2237,上市,12,汽車工業
2239,上市,12,汽車工業
2241,上市,12,汽車工業
2243,上市,12,汽車工業
2247,上市,12,汽車工業
2248,上市,12,汽車工業
2250,上市,12,汽車工業
2254,上市,12,汽車工業
2258,上市,12,汽車工業
2301,上市,25,電腦及週邊設備業
2302,上市,24,半導體業
2303,上市,24,半導體業
2305,上市,25,電腦及週邊設備業
2308,上市,28,電子零組件業
2312,上市,31,其他電子業
2313,上市,28,電子零組件業
2314,上市,27,通信網路業
2316,上市,28,電子零組件業
2317,上市,31,其他電子業
2321,上市,27,通信網路業
2323,上市,26,光電業
2324,上市,25,電腦及週邊設備業
2327,上市,28,電子零組件業
2328,上市,28,電子零組件業
2329,上市,24,半導體業
2330,上市,24,半導體業
2331,上市,25,電腦及週邊設備業
2332,上市,27,通信網路業
2337,上市,24,半導體業
2338,上市,24,半導體業
2340,上市,24,半導體業
2342,上市,24,半導體業
2344,上市,24,半導體業
2345,上市,27,通信網路業
2347,上市,29,電子通路業
2348,上市,20,其他
2349,上市,26,光電業
2351,上市,24,半導體業
2352,上市,25,電腦及週邊設備業
2353,上市,25,電腦及週邊設備業
2354,上市,31,其他電子業
2355,上市,28,電子零組件業
2356,上市,25,電腦及週邊設備業
2357,上市,25,電腦及週邊設備業
2359,上市,31,其他電子業
2360,上市,31,其他電子業
2362,上市,25,電腦及週邊設備業
2363,上市,24,半導體業
2364,上市,25,電腦及週邊設備業
2365,上市,25,電腦及週邊設備業
2367,上市,28,電子零組件業
2368,上市,28,電子零組件業
2369,上市,24,半導體業
2371,上市,05,電機機械
2373,上市,31,其他電子業
2374,上市,26,光電業
2375,上市,28,電子零組件業
2376,上市,25,電腦及週邊設備業
2377,上市,25,電腦及週邊設備業
2379,上市,24,半導體業
2380,上市,25,電腦及週邊設備業
2382,上市,25,電腦及週邊設備業
2383,上市,28,電子零組件業
2385,上市,28,電子零組件業
2387,上市,25,電腦及週邊設備業
2388,上市,24,半導體業
2390,上市,31,其他電子業
2392,上市,28,電子零組件業
2393,上市,26,光電業
2395,上市,25,電腦及週邊設備業
2397,上市,25,電腦及週邊設備業
2399,上市,25,電腦及週邊設備業
2401,上市,24,半導體業
2402,上市,28,電子零組件業
2404,上市,31,其他電子業
2405,上市,25,電腦及週邊設備業
2406,上市,26,光電業
2408,上市,24,半導體業
2409,上市,26,光電業
2412,上市,27,通信網路業
2413,上市,28,電子零組件業
2414,上市,29,電子通路業
2415,上市,28,電子零組件業
2417,上市,25,電腦及週邊設備業
2419,上市,27,通信網路業
2420,上市,28,電子零組件業
2421,上市,28,電子零組件業
2423,上市,31,其他電子業
2424,上市,27,通信網路業
2425,上市,25,電腦及週邊設備業
2426,上市,26,光電業
2427,上市,30,資訊服務業
2428,上市,28,電子零組件業
2429,上市,26,光電業
2430,上市,29,電子通路業
2431,上市,28,電子零組件業
2432,上市,25,電腦及週邊設備業
2433,上市,31,其他電子業
2434,上市,24,半導體業
2436,上市,24,半導體業
2438,上市,26,光電業
2439,上市,27,通信網路業
2440,上市,28,電子零組件業
2441,上市,24,半導體業
2442,上市,14,建材營造
2444,上市,27,通信網路業
2449,上市,24,半導體業
2450,上市,27,通信網路業
2451,上市,24,半導體業
2453,上市,30,資訊服務業
2454,上市,24,半導體業
2455,上市,27,通信網路業
2457,上市,28,電子零組件業
2458,上市,24,半導體業
2459,上市,31,其他電子業
2460,上市,28,電子零組件業
2461,上市,31,其他電子業
2462,上市,28,電子零組件業
2464,上市,31,其他電子業
2465,上市,25,電腦及週邊設備業
2466,上市,26,光電業
2467,上市,28,電子零組件業
2468,上市,30,資訊服務業
2471,上市,30,資訊服務業
2472,上市,28,電子零組件業
2474,上市,31,其他電子業
2476,上市,28,電子零組件業
2477,上市,31,其他電子業
2478,上市,28,電子零組件業
2480,上市,30,資訊服務業
2481,上市,24,半導體業
2482,上市,31,其他電子業
2483,上市,28,電子零組件業
2484,上市,28,電子零組件業
2485,上市,27,通信網路業
2486,上市,26,光電業
2488,上市,31,其他電子業
2489,上市,26,光電業
2491,上市,26,光電業
2492,上市,28,電子零組件業
2493,上市,28,電子零組件業
2495,上市,25,電腦及週邊設備業
2496,上市,20,其他
2497,上市,12,汽車工業
2498,上市,27,通信網路業
2501,上市,14,建材營造
2504,上市,14,建材營造
2505,上市,14,建材營造
2506,上市,14,建材營造
2509,上市,14,建材營造
2511,上市,14,建材營造
2514,上市,20,其他
2515,上市,14,建材營造
2516,上市,14,建材營造
2520,上市,14,建材營造
2524,上市,14,建材營造
2527,上市,14,建材營造
2528,上市,14,建材營造
2530,上市,14,建材營造
2534,上市,14,建材營造
2535,上市,14,建材營造
2536,上市,14,建材營造
2537,上市,14,建材營造
2538,上市,14,建材營造
2539,上市,14,建材營造
2540,上市,14,建材營造
2542,上市,14,建材營造
2543,上市,14,建材營造
2545,上市,14,建材營造
2546,上市,14,建材營造
2547,上市,14,建材營造
2548,上市,14,建材營造
2596,上櫃,14,建材營造
2597,上市,14,建材營造
2601,上市,15,航運業
2603,上市,15,航運業
2605,上市,15,航運業
2606,上市,15,航運業
2607,上市,15,航運業
2608,上市,15,航運業
2609,上市,15,航運業
2610,上市,15,航運業
2611,上市,15,航運業
2612,上市,15,航運業
2613,上市,15,航運業
2614,上市,20,其他
2615,上市,15,航運業
2616,上市,23,油電燃氣業
2617,上市,15,航運業
2618,上市,15,航運業
2630,上市,15,航運業
2633,上市,15,航運業
2634,上市,15,航運業
2636,上市,15,航運業
2637,上市,15,航運業
2640,上櫃,36,數位雲端
2641,上櫃,15,航運業
2642,上市,15,航運業
2643,上櫃,15,航運業
2645,上市,15,航運業
2646,上市,15,航運業
2701,上市,16,觀光餐旅
2702,上市,16,觀光餐旅
2704,上市,16,觀光餐旅
2705,上市,16,觀光餐旅
2706,上市,16,觀光餐旅
2707,上市,16,觀光餐旅
2712,上市,16,觀光餐旅
2718,上櫃,14,建材營造
2719,上櫃,16,觀光餐旅
2722,上市,16,觀光餐旅
2723,上市,16,觀光餐旅
2724,上櫃,20,其他
2726,上櫃,16,觀光餐旅
2727,上市,16,觀光餐旅
2729,上櫃,16,觀光餐旅
2731,上市,16,觀光餐旅
2732,上櫃,16,觀光餐旅
2734,上櫃,16,觀光餐旅
2736,上櫃,16,觀光餐旅
2739,上市,16,觀光餐旅
2740,上櫃,16,觀光餐旅
2743,上櫃,16,觀光餐旅
2745,上櫃,16,觀光餐旅
2748,上市,16,觀光餐旅
2751,上櫃,16,觀光餐旅
2752,上櫃,16,觀光餐旅
2753,上市,16,觀光餐旅
2754,上櫃,16,觀光餐旅
2755,上櫃,16,觀光餐旅
2756,上櫃,16,觀光餐旅
2762,上市,37,運動休閒
2801,上市,17,金融保險
2812,上市,17,金融保險
2816,上市,17,金融保險
2820,上市,17,金融保險
2832,上市,17,金融保險
2834,上市,17,金融保險
2836,上市,17,金融保險
2838,上市,17,金融保險
2845,上市,17,金融保險
2849,上市,17,金融保險
2850,上市,17,金融保險
2851,上市,17,金融保險
2852,上市,17,金融保險
2855,上市,17,金融保險
2880,上市,17,金融保險
2881,上市,17,金融保險
2882,上市,17,金融保險
2883,上市,17,金融保險
2884,上市,17,金融保險
2885,上市,17,金融保險
2886,上市,17,金融保險
2887,上市,17,金融保險
2889,上市,17,金融保險
2890,上市,17,金融保險
2891,上市,17,金融保險
2892,上市,17,金融保險
2897,上市,17,金融保險
2901,上市,18,貿易百貨
2903,上市,18,貿易百貨
2904,上市,20,其他
2905,上市,18,貿易百貨
2906,上市,18,貿易百貨
2908,上市,18,貿易百貨
2910,上市,18,貿易百貨
2911,上市,18,貿易百貨
2912,上市,18,貿易百貨
2913,上市,18,貿易百貨
2915,上市,18,貿易百貨
2916,上櫃,38,居家生活
2923,上市,14,建材營造
2924,上櫃,38,居家生活
2926,上櫃,32,文化創意業
2929,上市,18,貿易百貨
2937,上櫃,38,居家生活
2938,上櫃,38,居家生活
2939,上市,18,貿易百貨
2941,上櫃,38,居家生活
2945,上市,18,貿易百貨
2947,上櫃,38,居家生活
2948,上櫃,38,居家生活
2949,上櫃,36,數位雲端
3002,上市,25,電腦及週邊設備業
3003,上市,28,電子零組件業
3004,上市,10,鋼鐵工業
3005,上市,25,電腦及週邊設備業
3006,上市,24,半導體業
3008,上市,26,光電業
3010,上市,29,電子通路業
3011,上市,28,電子零組件業
3013,上市,25,電腦及週邊設備業
3014,上市,24,半導體業
3015,上市,28,電子零組件業
3016,上市,24,半導體業
3017,上市,25,電腦及週邊設備業
3018,上市,31,其他電子業
3019,上市,26,光電業
3021,上市,28,電子零組件業
3022,上市,25,電腦及週邊設備業
3023,上市,28,電子零組件業
3024,上市,26,光電業
3025,上市,27,通信網路業
3026,上市,28,電子零組件業
3027,上市,27,通信網路業
3028,上市,29,電子通路業
3029,上市,30,資訊服務業
3030,上市,31,其他電子業
3031,上市,26,光電業
3032,上市,28,電子零組件業
3033,上市,29,電子通路業
3034,上市,24,半導體業
3035,上市,24,半導體業
3036,上市,29,電子通路業
3037,上市,28,電子零組件業
3038,上市,26,光電業
3040,上市,20,其他
3041,上市,24,半導體業
3042,上市,28,電子零組件業
3043,上市,31,其他電子業
3044,上市,28,電子零組件業
3045,上市,27,通信網路業
3046,上市,25,電腦及週邊設備業
3047,上市,27,通信網路業
3048,上市,29,電子通路業
3049,上市,26,光電業
3050,上市,26,光電業
3051,上市,26,光電業
3052,上市,14,建材營造
3054,上市,29,電子通路業
3055,上市,29,電子通路業
3056,上市,14,建材營造
3057,上市,25,電腦及週邊設備業
3058,上市,28,電子零組件業
3059,上市,26,光電業
3060,上市,25,電腦及週邊設備業
3062,上市,27,通信網路業
3064,上櫃,32,文化創意業
3066,上櫃,26,光電業
3067,上櫃,38,居家生活
3071,上櫃,25,電腦及週邊設備業
3073,上櫃,35,綠能環保
3078,上櫃,28,電子零組件業
3081,上櫃,27,通信網路業
3083,上櫃,32,文化創意業
3085,上櫃,36,數位雲端
3086,上櫃,32,文化創意業
3088,上櫃,25,電腦及週邊設備業
3090,上市,28,電子零組件業
3092,上市,28,電子零組件業
3093,上櫃,31,其他電子業
3094,上市,24,半導體業
3095,上櫃,27,通信網路業
3105,上櫃,24,半導體業
3114,上櫃,28,電子零組件業
3115,上櫃,28,電子零組件業
3118,上櫃,22,生技醫療業
3122,上櫃,24,半導體業
3128,上櫃,26,光電業
3130,上市,36,數位雲端
3131,上櫃,24,半導體業
3135,上市,24,半導體業
3138,上市,27,通信網路業
3141,上櫃,24,半導體業
3147,上櫃,30,資訊服務業
3149,上市,26,光電業
3150,上市,24,半導體業
3152,上櫃,27,通信網路業
3158,上櫃,30,資訊服務業
3162,上櫃,05,電機機械
3163,上櫃,27,通信網路業
3164,上市,22,生技醫療業
3167,上市,05,電機機械
3168,上市,26,光電業
3169,上櫃,24,半導體業
3171,上櫃,38,居家生活
3176,上櫃,22,生技醫療業
3178,上櫃,24,半導體業
3188,上櫃,14,建材營造
3189,上市,24,半導體業
3191,上櫃,28,電子零組件業
3205,上櫃,22,生技醫療業
3206,上櫃,28,電子零組件業
3207,上櫃,28,電子零組件業
3209,上市,29,電子通路業
3211,上櫃,25,電腦及週邊設備業
3213,上櫃,25,電腦及週邊設備業
3217,上櫃,28,電子零組件業
3218,上櫃,22,生技醫療業
3219,上櫃,31,其他電子業
3221,上櫃,27,通信網路業
3224,上櫃,29,電子通路業
3226,上櫃,05,電機機械
3227,上櫃,24,半導體業
3228,上櫃,24,半導體業
3229,上市,28,電子零組件業
3230,上櫃,26,光電業
3231,上市,25,電腦及週邊設備業
3232,上櫃,29,電子通路業
3234,上櫃,27,通信網路業
3236,上櫃,28,電子零組件業
3252,上櫃,16,觀光餐旅
3257,上市,24,半導體業
3259,上櫃,24,半導體業
3260,上櫃,24,半導體業
3264,上櫃,24,半導體業
3265,上櫃,24,半導體業
3266,上市,14,建材營造
3268,上櫃,24,半導體業
3272,上櫃,25,電腦及週邊設備業
3276,上櫃,28,電子零組件業
3284,上櫃,20,其他
3285,上櫃,31,其他電子業
3287,上櫃,25,電腦及週邊設備業
3288,上櫃,28,電子零組件業
3289,上櫃,31,其他電子業
3290,上櫃,28,電子零組件業
3293,上櫃,32,文化創意業
3294,上櫃,28,電子零組件業
3296,上市,28,電子零組件業
3297,上櫃,26,光電業
3303,上櫃,31,其他電子業
3305,上市,31,其他電子業
3306,上櫃,27,通信網路業
3308,上市,28,電子零組件業
3310,上櫃,28,電子零組件業
3311,上市,27,通信網路業
3312,上市,29,電子通路業
3313,上櫃,14,建材營造
3317,上櫃,24,半導體業
3321,上市,28,電子零組件業
3322,上櫃,28,電子零組件業
3323,上櫃,25,電腦及週邊設備業
3324,上櫃,31,其他電子業
3325,上櫃,25,電腦及週邊設備業
3332,上櫃,28,電子零組件業
3338,上市,28,電子零組件業
3339,上櫃,26,光電業
3346,上市,12,汽車工業
3349,上櫃,25,電腦及週邊設備業
3354,上櫃,28,電子零組件業
3356,上市,26,光電業
3357,上櫃,28,電子零組件業
3360,上櫃,29,電子通路業
3362,上櫃,26,光電業
3363,上櫃,27,通信網路業
3372,上櫃,24,半導體業
3373,上櫃,31,其他電子業
3374,上櫃,24,半導體業
3376,上市,28,電子零組件業
3379,上櫃,05,電機機械
3380,上市,27,通信網路業
3388,上櫃,28,電子零組件業
3390,上櫃,28,電子零組件業
3402,上櫃,31,其他電子業
3406,上市,26,光電業
3413,上市,24,半導體業
3416,上市,25,電腦及週邊設備業
3419,上市,27,通信網路業
3430,上櫃,21,化學工業
3432,上市,28,電子零組件業
3434,上櫃,26,光電業
3437,上市,26,光電業
3438,上櫃,24,半導體業
3441,上櫃,26,光電業
3443,上市,24,半導體業
3444,上櫃,29,電子通路業
3447,上市,27,通信網路業
3450,上市,24,半導體業
3455,上櫃,26,光電業
3465,上櫃,31,其他電子業
3466,上櫃,27,通信網路業
3467,上櫃,24,半導體業
3479,上櫃,25,電腦及週邊設備業
3481,上市,26,光電業
3483,上櫃,25,電腦及週邊設備業
3484,上櫃,28,電子零組件業
3485,上櫃,28,電子零組件業
3489,上櫃,14,建材營造
3490,上櫃,26,光電業
3491,上櫃,27,通信網路業
3492,上櫃,28,電子零組件業
3494,上市,25,電腦及週邊設備業
3498,上櫃,31,其他電子業
3499,上櫃,27,通信網路業
3501,上市,28,電子零組件業
3504,上市,26,光電業
3508,上櫃,31,其他電子業
3511,上櫃,28,電子零組件業
3512,上櫃,14,建材營造
3515,上市,25,電腦及週邊設備業
3516,上櫃,26,光電業
3518,上市,31,其他電子業
3520,上櫃,28,電子零組件業
3521,上櫃,14,建材營造
3522,上櫃,16,觀光餐旅
3523,上櫃,26,光電業
3526,上櫃,28,電子零組件業
3527,上櫃,24,半導體業
3528,上市,29,電子通路業
3529,上櫃,24,半導體業
3530,上市,24,半導體業
3531,上櫃,26,光電業
3532,上市,24,半導體業
3533,上市,28,電子零組件業
3535,上市,26,光電業
3537,上櫃,28,電子零組件業
3540,上櫃,25,電腦及週邊設備業
3541,上櫃,31,其他電子業
3543,上市,26,光電業
3545,上市,24,半導體業
3546,上櫃,32,文化創意業
3548,上櫃,28,電子零組件業
3550,上市,28,電子零組件業
3551,上櫃,35,綠能環保
3552,上櫃,31,其他電子業
3555,上櫃,24,半導體業
3556,上櫃,24,半導體業
3557,上市,38,居家生活
3558,上櫃,27,通信網路業
3563,上市,26,光電業
3564,上櫃,27,通信網路業
3567,上櫃,24,半導體業
3570,上櫃,30,資訊服務業
3576,上市,26,光電業
3577,上櫃,25,電腦及週邊設備業
3580,上櫃,31,其他電子業
3581,上櫃,24,半導體業
3583,上市,24,半導體業
3587,上櫃,31,其他電子業
3588,上市,24,半導體業
3591,上市,26,光電業
3592,上市,24,半導體業
3593,上市,28,電子零組件業
3594,上櫃,25,電腦及週邊設備業
3596,上市,27,通信網路業
3597,上櫃,28,電子零組件業
3605,上市,28,電子零組件業
3607,上市,28,電子零組件業
3609,上櫃,28,電子零組件業
3611,上櫃,25,電腦及週邊設備業
3615,上櫃,26,光電業
3617,上市,31,其他電子業
3622,上市,26,光電業
3623,上櫃,26,光電業
3624,上櫃,28,電子零組件業
3625,上櫃,25,電腦及週邊設備業
3628,上櫃,31,其他電子業
3629,上櫃,32,文化創意業
3630,上櫃,26,光電業
3631,上櫃,28,電子零組件業
3632,上櫃,27,通信網路業
3645,上市,28,電子零組件業
3646,上櫃,28,電子零組件業
3652,上市,25,電腦及週邊設備業
3653,上市,28,電子零組件業
3661,上市,24,半導體業
3663,上櫃,31,其他電子業
3664,上櫃,27,通信網路業
3665,上市,31,其他電子業
3666,上櫃,26,光電業
3669,上市,27,通信網路業
3672,上櫃,27,通信網路業
3673,上市,26,光電業
3675,上櫃,24,半導體業
3679,上市,28,電子零組件業
3680,上櫃,24,半導體業
3684,上櫃,27,通信網路業
3685,上櫃,05,電機機械
3686,上市,24,半導體業
3687,上櫃,36,數位雲端
3689,上櫃,28,電子零組件業
3691,上櫃,26,光電業
3693,上櫃,25,電腦及週邊設備業
3694,上市,27,通信網路業
3701,上市,25,電腦及週邊設備業
3702,上市,29,電子通路業
3703,上市,14,建材營造
3704,上市,27,通信網路業
3705,上市,22,生技醫療業
3706,上市,25,電腦及週邊設備業
3707,上櫃,24,半導體業
3708,上市,35,綠能環保
3709,上櫃,25,電腦及週邊設備業
3710,上櫃,28,電子零組件業
3711,上市,24,半導體業
3712,上市,25,電腦及週邊設備業
3713,上櫃,35,綠能環保
3714,上市,26,光電業
3715,上市,28,電子零組件業
3716,上市,22,生技醫療業
3717,上市,12,汽車工業
3718,上櫃,26,光電業
4102,上櫃,22,生技醫療業
4104,上市,22,生技醫療業
4105,上櫃,22,生技醫療業
4106,上市,22,生技醫療業
4107,上櫃,22,生技醫療業
4108,上市,22,生技醫療業
4109,上櫃,22,生技醫療業
4111,上櫃,22,生技醫療業
4113,上櫃,14,建材營造
4114,上櫃,22,生技醫療業
4116,上櫃,22,生技醫療業
4119,上市,22,生技醫療業
4120,上櫃,22,生技醫療業
4121,上櫃,22,生技醫療業
4123,上櫃,22,生技醫療業
4126,上櫃,22,生技醫療業
4127,上櫃,22,生技醫療業
4128,上櫃,22,生技醫療業
4129,上櫃,22,生技醫療業
4131,上櫃,22,生技醫療業
4133,上市,22,生技醫療業
4137,上市,22,生技醫療業
4138,上櫃,22,生技醫療業
4139,上櫃,22,生技醫療業
4142,上市,22,生技醫療業
4147,上櫃,22,生技醫療業
4148,上市,22,生技醫療業
4153,上櫃,22,生技醫療業
4154,上櫃,20,其他
4155,上市,22,生技醫療業
4157,上櫃,22,生技醫療業
4160,上櫃,22,生技醫療業
4161,上櫃,22,生技醫療業
4162,上櫃,22,生技醫療業
4163,上櫃,22,生技醫療業
4164,上市,22,生技醫療業
4166,上櫃,22,生技醫療業
4167,上櫃,22,生技醫療業
4168,上櫃,22,生技醫療業
4169,上市,22,生技醫療業
4171,上櫃,33,農業科技業
4173,上櫃,22,生技醫療業
4174,上櫃,22,生技醫療業
4175,上櫃,22,生技醫療業
4178,上市,22,生技醫療業
4183,上櫃,22,生技醫療業
4188,上櫃,22,生技醫療業
4190,上市,22,生技醫療業
4192,上櫃,22,生技醫療業
4195,上市,22,生技醫療業
4198,上櫃,22,生技醫療業
4205,上櫃,02,食品工業
4207,上櫃,02,食品工業
4303,上櫃,03,塑膠工業
4304,上櫃,03,塑膠工業
4305,上櫃,03,塑膠工業
4306,上市,03,塑膠工業
4401,上櫃,04,紡織纖維
4402,上櫃,04,紡織纖維
4406,上櫃,04,紡織纖維
4413,上櫃,04,紡織纖維
4414,上市,04,紡織纖維
4416,上櫃,14,建材營造
4417,上櫃,04,紡織纖維
4419,上櫃,16,觀光餐旅
4420,上櫃,04,紡織纖維
4426,上市,04,紡織纖維
4430,上櫃,20,其他
4432,上櫃,04,紡織纖維
4433,上櫃,04,紡織纖維
4438,上市,04,紡織纖維
4439,上市,04,紡織纖維
4440,上市,04,紡織纖維
4441,上市,04,紡織纖維
4442,上櫃,04,紡織纖維
4502,上櫃,05,電機機械
4503,上櫃,05,電機機械
4506,上櫃,05,電機機械
4510,上櫃,05,電機機械
4513,上櫃,05,電機機械
4523,上櫃,05,電機機械
4526,上市,05,電機機械
4527,上櫃,05,電機機械
4528,上櫃,05,電機機械
4529,上櫃,20,其他
4530,上櫃,16,觀光餐旅
4532,上市,05,電機機械
4533,上櫃,05,電機機械
4534,上櫃,05,電機機械
4535,上櫃,05,電機機械
4536,上市,37,運動休閒
4538,上櫃,05,電機機械
4540,上市,05,電機機械
4541,上櫃,20,其他
4542,上櫃,28,電子零組件業
4543,上櫃,05,電機機械
4545,上市,28,電子零組件業
4549,上櫃,05,電機機械
4550,上櫃,05,電機機械
4551,上市,12,汽車工業
4552,上市,05,電機機械
4554,上櫃,31,其他電子業
4555,上市,05,電機機械
4556,上櫃,20,其他
4557,上市,12,汽車工業
4558,上櫃,05,電機機械
4560,上市,05,電機機械
4561,上櫃,05,電機機械
4562,上市,05,電機機械
4563,上櫃,05,電機機械
4564,上市,05,電機機械
4566,上市,05,電機機械
4568,上櫃,05,電機機械
4569,上市,12,汽車工業
4571,上市,05,電機機械
4572,上市,05,電機機械
4576,上市,05,電機機械
4577,上櫃,31,其他電子業
4580,上櫃,05,電機機械
4581,上市,12,汽車工業
4582,上市,35,綠能環保
4583,上市,05,電機機械
4584,上櫃,05,電機機械
4585,上市,31,其他電子業
4588,上市,31,其他電子業
4590,上市,05,電機機械
4609,上櫃,38,居家生活
4702,上櫃,38,居家生活
4706,上櫃,21,化學工業
4707,上櫃,21,化學工業
4711,上櫃,21,化學工業
4714,上櫃,21,化學工業
4716,上櫃,21,化學工業
4720,上市,21,化學工業
4721,上櫃,21,化學工業
4722,上市,21,化學工業
4726,上櫃,22,生技醫療業
4728,上櫃,22,生技醫療業
4729,上櫃,26,光電業
4735,上櫃,22,生技醫療業
4736,上市,22,生技醫療業
4737,上市,22,生技醫療業
4739,上市,21,化學工業
4741,上櫃,21,化學工業
4743,上櫃,22,生技醫療業
4744,上櫃,22,生技醫療業
4745,上櫃,22,生技醫療業
4746,上市,22,生技醫療業
4747,上櫃,22,生技醫療業
4749,上櫃,24,半導體業
4754,上櫃,21,化學工業
4755,上市,21,化學工業
4760,上櫃,31,其他電子業
4763,上市,21,化學工業
4764,上市,21,化學工業
4766,上市,21,化學工業
4767,上櫃,21,化學工業
4768,上櫃,21,化學工業
4770,上市,21,化學工業
4771,上市,22,生技醫療業
4772,上櫃,21,化學工業
4804,上櫃,16,觀光餐旅
4806,上櫃,32,文化創意業
4807,上市,18,貿易百貨
4903,上櫃,27,通信網路業
4904,上市,27,通信網路業
4905,上櫃,22,生技醫療業
4906,上市,27,通信網路業
4907,上櫃,14,建材營造
4908,上櫃,27,通信網路業
4909,上櫃,27,通信網路業
4911,上櫃,22,生技醫療業
4912,上市,28,電子零組件業
4915,上市,28,電子零組件業
4916,上市,25,電腦及週邊設備業
4919,上市,24,半導體業
4923,上櫃,24,半導體業
4924,上櫃,35,綠能環保
4927,上市,28,電子零組件業
4930,上市,06,電器電纜
4931,上櫃,25,電腦及週邊設備業
4933,上櫃,26,光電業
4934,上市,26,光電業
4935,上市,26,光電業
4938,上市,25,電腦及週邊設備業
4939,上櫃,28,電子零組件業
4942,上市,26,光電業
4943,上市,28,電子零組件業
4946,上櫃,32,文化創意業
4949,上市,26,光電業
4950,上櫃,10,鋼鐵工業
4951,上櫃,24,半導體業
4952,上市,24,半導體業
4953,上櫃,30,資訊服務業
4956,上市,26,光電業
4958,上市,28,電子零組件業
4960,上市,26,光電業
4961,上市,24,半導體業
4966,上櫃,24,半導體業
4967,上市,24,半導體業
4968,上市,24,半導體業
4971,上櫃,24,半導體業
4972,上櫃,26,光電業
4973,上櫃,24,半導體業
4974,上櫃,28,電子零組件業
4976,上市,26,光電業
4977,上市,27,通信網路業
4979,上櫃,27,通信網路業
4989,上市,28,電子零組件業
4991,上櫃,24,半導體業
4994,上市,30,資訊服務業
4995,上櫃,26,光電業
4999,上市,28,電子零組件業
5007,上市,10,鋼鐵工業
5009,上櫃,10,鋼鐵工業
5011,上櫃,10,鋼鐵工業
5013,上櫃,10,鋼鐵工業
5014,上櫃,10,鋼鐵工業
5015,上櫃,10,鋼鐵工業
5016,上櫃,10,鋼鐵工業
5201,上櫃,30,資訊服務業
5202,上櫃,30,資訊服務業
5203,上市,30,資訊服務業
5205,上櫃,35,綠能環保
5206,上櫃,14,建材營造
5209,上櫃,20,其他
5210,上櫃,30,資訊服務業
5211,上櫃,30,資訊服務業
5212,上櫃,30,資訊服務業
5213,上櫃,14,建材營造
5215,上市,25,電腦及週邊設備業
5220,上櫃,26,光電業
5222,上市,24,半導體業
5223,上櫃,25,電腦及週邊設備業
5225,上市,31,其他電子業
5227,上櫃,28,電子零組件業
5228,上櫃,28,電子零組件業
5230,上櫃,26,光電業
5234,上市,26,光電業
5236,上市,24,半導體業
5243,上市,26,光電業
5244,上市,26,光電業
5245,上櫃,26,光電業
5251,上櫃,26,光電業
5258,上市,25,電腦及週邊設備業
5263,上櫃,32,文化創意業
5269,上市,24,半導體業
5272,上櫃,24,半導體業
5274,上櫃,24,半導體業
5276,上櫃,20,其他
5278,上櫃,36,數位雲端
5283,上市,06,電器電纜
5284,上市,20,其他
5285,上市,24,半導體業
5287,上櫃,36,數位雲端
5288,上市,05,電機機械
5289,上櫃,25,電腦及週邊設備業
5291,上櫃,28,電子零組件業
5292,上市,35,綠能環保
5299,上櫃,24,半導體業
5301,上櫃,16,觀光餐旅
5302,上櫃,24,半導體業
5306,上市,37,運動休閒
5309,上櫃,28,電子零組件業
5310,上櫃,30,資訊服務業
5312,上櫃,22,生技醫療業
5314,上櫃,20,其他
5315,上櫃,26,光電業
5321,上櫃,36,數位雲端
5324,上櫃,14,建材營造
5328,上櫃,28,電子零組件業
5340,上櫃,28,電子零組件業
5344,上櫃,24,半導體業
5345,上櫃,20,其他
5347,上櫃,24,半導體業
5348,上櫃,37,運動休閒
5351,上櫃,24,半導體業
5353,上櫃,27,通信網路業
5355,上櫃,28,電子零組件業
5356,上櫃,25,電腦及週邊設備業
5364,上櫃,16,觀光餐旅
5381,上櫃,05,電機機械
5386,上櫃,25,電腦及週邊設備業
5388,上市,27,通信網路業
5392,上櫃,26,光電業
5398,上櫃,20,其他
5403,上櫃,30,資訊服務業
5410,上櫃,30,資訊服務業
5425,上櫃,24,半導體業
5426,上櫃,25,電腦及週邊設備業
5432,上櫃,35,綠能環保
5434,上市,29,電子通路業
5438,上櫃,25,電腦及週邊設備業
5439,上櫃,28,電子零組件業
5443,上櫃,24,半導體業
5450,上櫃,20,其他
5452,上櫃,31,其他電子業
5455,上櫃,14,建材營造
5457,上櫃,28,電子零組件業
5460,上櫃,28,電子零組件業
5464,上櫃,28,電子零組件業
5465,上櫃,25,電腦及週邊設備業
5468,上櫃,24,半導體業
5469,上市,28,電子零組件業
5471,上市,24,半導體業
5474,上櫃,25,電腦及週邊設備業
5475,上櫃,28,電子零組件業
5478,上櫃,32,文化創意業
5481,上櫃,20,其他
5483,上櫃,24,半導體業
5484,上市,26,光電業
5487,上櫃,24,半導體業
5488,上櫃,28,電子零組件業
5489,上櫃,31,其他電子業
5490,上櫃,25,電腦及週邊設備業
5493,上櫃,31,其他電子業
5498,上櫃,28,電子零組件業
5508,上櫃,14,建材營造
5511,上櫃,14,建材營造
5512,上櫃,14,建材營造
5514,上櫃,14,建材營造
5515,上市,14,建材營造
5516,上櫃,14,建材營造
5519,上市,14,建材營造
5520,上櫃,14,建材營造
5521,上市,14,建材營造
5522,上市,14,建材營造
5523,上櫃,14,建材營造
5525,上市,14,建材營造
5529,上櫃,14,建材營造
5530,上櫃,20,其他
5531,上市,14,建材營造
5533,上市,14,建材營造
5534,上市,14,建材營造
5536,上櫃,31,其他電子業
5538,上市,10,鋼鐵工業
5543,上櫃,14,建材營造
5546,上市,14,建材營造
5547,上櫃,14,建材營造
5548,上櫃,14,建材營造
5601,上櫃,15,航運業
5603,上櫃,15,航運業
5604,上櫃,20,其他
5607,上市,15,航運業
5608,上市,15,航運業
5609,上櫃,15,航運業
5701,上櫃,16,觀光餐旅
5703,上櫃,16,觀光餐旅
5704,上櫃,16,觀光餐旅
5706,上市,16,觀光餐旅
5864,上櫃,17,金融保險
5871,上市,20,其他
5876,上市,17,金融保險
5878,上櫃,17,金融保險
5880,上市,17,金融保險
5902,上櫃,38,居家生活
5903,上櫃,38,居家生活
5904,上櫃,38,居家生活
5905,上櫃,16,觀光餐旅
5906,上市,18,貿易百貨
5907,上市,18,貿易百貨
6005,上市,17,金融保險
6015,上櫃,17,金融保險
6016,上櫃,17,金融保險
6020,上櫃,17,金融保險
6021,上櫃,17,金融保險
6023,上櫃,17,金融保險
6024,上市,17,金融保險
6026,上櫃,17,金融保險
6028,上櫃,17,金融保險
6101,上櫃,32,文化創意業
6103,上櫃,24,半導體業
6104,上櫃,24,半導體業
6108,上市,28,電子零組件業
6109,上櫃,27,通信網路業
6111,上櫃,32,文化創意業
6112,上市,30,資訊服務業
6113,上櫃,29,電子通路業
6114,上櫃,28,電子零組件業
6115,上市,28,電子零組件業
6116,上市,26,光電業
6117,上市,25,電腦及週邊設備業
6118,上櫃,29,電子通路業
6120,上市,26,光電業
6121,上櫃,25,電腦及週邊設備業
6122,上櫃,05,電機機械
6123,上櫃,30,資訊服務業
6124,上櫃,28,電子零組件業
6125,上櫃,05,電機機械
6126,上櫃,28,電子零組件業
6127,上櫃,28,電子零組件業
6128,上市,25,電腦及週邊設備業
6129,上櫃,24,半導體業
6130,上櫃,22,生技醫療業
6133,上市,28,電子零組件業
6134,上櫃,28,電子零組件業
6136,上市,27,通信網路業
6138,上櫃,24,半導體業
6139,上市,31,其他電子業
6140,上櫃,30,資訊服務業
6141,上市,28,電子零組件業
6142,上市,27,通信網路業
6143,上櫃,27,通信網路業
6144,上櫃,32,文化創意業
6146,上櫃,31,其他電子業
6147,上櫃,24,半導體業
6148,上櫃,30,資訊服務業
6150,上櫃,25,電腦及週邊設備業
6151,上櫃,31,其他電子業
6152,上市,27,通信網路業
6153,上市,28,電子零組件業
6154,上櫃,29,電子通路業
6155,上市,28,電子零組件業
6156,上櫃,28,電子零組件業
6158,上櫃,28,電子零組件業
6160,上櫃,25,電腦及週邊設備業
6161,上櫃,25,電腦及週邊設備業
6163,上櫃,30,資訊服務業
6164,上市,26,光電業
6165,上市,36,數位雲端
6166,上市,25,電腦及週邊設備業
6167,上櫃,26,光電業
6168,上市,26,光電業
6169,上櫃,32,文化創意業
6170,上櫃,27,通信網路業
6171,上櫃,14,建材營造
6173,上櫃,28,電子零組件業
6174,上櫃,28,電子零組件業
6175,上櫃,28,電子零組件業
6176,上市,26,光電業
6177,上市,14,建材營造
6179,上櫃,20,其他
6180,上櫃,32,文化創意業
6182,上櫃,24,半導體業
6183,上市,30,資訊服務業
6184,上市,20,其他
6185,上櫃,28,電子零組件業
6186,上櫃,14,建材營造
6187,上櫃,24,半導體業
6188,上櫃,25,電腦及週邊設備業
6189,上市,29,電子通路業
6190,上櫃,27,通信網路業
6191,上市,28,電子零組件業
6192,上市,31,其他電子業
6194,上櫃,28,電子零組件業
6195,上櫃,38,居家生活
6196,上市,31,其他電子業
6197,上市,28,電子零組件業
6198,上櫃,14,建材營造
6199,上櫃,20,其他
6201,上市,31,其他電子業
6202,上市,24,半導體業
6203,上櫃,28,電子零組件業
6204,上櫃,28,電子零組件業
6205,上市,28,電子零組件業
6206,上市,25,電腦及週邊設備業
6207,上櫃,28,電子零組件業
6208,上櫃,24,半導體業
6209,上市,26,光電業
6210,上櫃,28,電子零組件業
6212,上櫃,14,建材營造
6213,上市,28,電子零組件業
6214,上市,30,資訊服務業
6215,上市,31,其他電子業
6216,上市,27,通信網路業
6217,上櫃,28,電子零組件業
6218,上櫃,27,通信網路業
6219,上櫃,14,建材營造
6220,上櫃,28,電子零組件業
6221,上櫃,30,資訊服務業
6222,上櫃,26,光電業
6223,上櫃,24,半導體業
6224,上市,28,電子零組件業
6225,上市,26,光電業
6226,上市,26,光電業
6227,上櫃,29,電子通路業
6228,上櫃,25,電腦及週邊設備業
6229,上櫃,24,半導體業
6230,上市,25,電腦及週邊設備業
6231,上櫃,30,資訊服務業
6233,上櫃,24,半導體業
6234,上櫃,26,光電業
6235,上市,25,電腦及週邊設備業
6236,上櫃,36,數位雲端
6237,上櫃,24,半導體業
6239,上市,24,半導體業
6240,上櫃,30,資訊服務業
6241,上櫃,27,通信網路業
6242,上櫃,22,生技醫療業
6243,上市,24,半導體業
6244,上櫃,26,光電業
6245,上櫃,27,通信網路業
6246,上櫃,26,光電業
6248,上櫃,10,鋼鐵工業
6257,上市,24,半導體業
6259,上櫃,28,電子零組件業
6261,上櫃,24,半導體業
6263,上櫃,27,通信網路業
6264,上櫃,14,建材營造
6265,上櫃,29,電子通路業
6266,上櫃,28,電子零組件業
6269,上市,28,電子零組件業
6270,上櫃,29,電子通路業
6271,上市,24,半導體業
6272,上市,28,電子零組件業
6274,上櫃,28,電子零組件業
6275,上櫃,28,電子零組件業
6276,上櫃,25,電腦及週邊設備業
6277,上市,25,電腦及週邊設備業
6278,上市,26,光電業
6279,上櫃,28,電子零組件業
6281,上市,29,電子通路業
6282,上市,28,電子零組件業
6283,上市,31,其他電子業
6284,上櫃,28,電子零組件業
6285,上市,27,通信網路業
6290,上櫃,28,電子零組件業
6291,上櫃,24,半導體業
6292,上櫃,28,電子零組件業
6294,上櫃,32,文化創意業
6405,上市,26,光電業
6409,上市,31,其他電子業
6411,上櫃,24,半導體業
6412,上市,28,電子零組件業
6414,上市,25,電腦及週邊設備業
6415,上市,24,半導體業
6416,上市,27,通信網路業
6417,上櫃,27,通信網路業
6418,上櫃,28,電子零組件業
6419,上櫃,26,光電業
6423,上櫃,24,半導體業
6425,上櫃,05,電機機械
6426,上市,27,通信網路業
6431,上市,22,生技醫療業
6432,上櫃,28,電子零組件業
6435,上櫃,24,半導體業
6438,上市,31,其他電子業
6441,上櫃,25,電腦及週邊設備業
6442,上市,27,通信網路業
6443,上市,26,光電業
6446,上市,22,生技醫療業
6449,上市,28,電子零組件業
6451,上市,24,半導體業
6456,上市,26,光電業
6461,上櫃,22,生技醫療業
6462,上櫃,24,半導體業
6464,上市,20,其他
6465,上櫃,27,通信網路業
6469,上櫃,22,生技醫療業
6470,上櫃,27,通信網路業
6472,上市,22,生技醫療業
6474,上櫃,29,電子通路業
6477,上市,26,光電業
6482,上櫃,32,文化創意業
6485,上櫃,24,半導體業
6486,上櫃,27,通信網路業
6488,上櫃,24,半導體業
6491,上市,22,生技醫療業
6492,上櫃,22,生技醫療業
6494,上櫃,24,半導體業
6496,上櫃,22,生技醫療業
6498,上櫃,26,光電業
6499,上櫃,22,生技醫療業
6504,上市,20,其他
6505,上市,23,油電燃氣業
6506,上櫃,04,紡織纖維
6508,上櫃,33,農業科技業
6509,上櫃,21,化學工業
6510,上櫃,24,半導體業
6512,上櫃,31,其他電子業
6515,上市,24,半導體業
6516,上櫃,30,資訊服務業
6517,上櫃,26,光電業
6523,上櫃,22,生技醫療業
6525,上市,24,半導體業
6526,上市,24,半導體業
6527,上櫃,22,生技醫療業
6530,上櫃,27,通信網路業
6531,上市,24,半導體業
6532,上櫃,24,半導體業
6533,上市,24,半導體業
6534,上市,22,生技醫療業
6535,上櫃,22,生技醫療業
6538,上櫃,28,電子零組件業
6541,上市,22,生技醫療業
6542,上櫃,32,文化創意業
6546,上櫃,27,通信網路業
6547,上櫃,22,生技醫療業
6548,上櫃,24,半導體業
6550,上市,22,生技醫療業
6552,上市,24,半導體業
6556,上櫃,26,光電業
6558,上市,31,其他電子業
6560,上櫃,26,光電業
6561,上櫃,27,通信網路業
6568,上櫃,24,半導體業
6569,上櫃,22,生技醫療業
6570,上櫃,25,電腦及週邊設備業
6573,上市,24,半導體業
6574,上櫃,22,生技醫療業
6576,上櫃,22,生技醫療業
6577,上櫃,25,電腦及週邊設備業
6578,上櫃,33,農業科技業
6579,上市,25,電腦及週邊設備業
6581,上市,35,綠能環保
6582,上市,11,橡膠工業
6584,上櫃,28,電子零組件業
6585,上市,20,其他
6588,上櫃,27,通信網路業
6589,上市,22,生技醫療業
6590,上櫃,30,資訊服務業
6591,上市,25,電腦及週邊設備業
6592,上市,20,其他
6593,上櫃,30,資訊服務業
6596,上櫃,32,文化創意業
6597,上櫃,28,電子零組件業
6598,上市,22,生技醫療業
6603,上櫃,05,電機機械
6604,上櫃,05,電機機械
6605,上市,12,汽車工業
6606,上市,05,電機機械
6609,上櫃,05,電機機械
6612,上櫃,22,生技醫療業
6613,上櫃,31,其他電子業
6614,上市,36,數位雲端
6615,上櫃,22,生技醫療業
6616,上櫃,38,居家生活
6617,上櫃,22,生技醫療業
6620,上櫃,22,生技醫療業
6624,上櫃,35,綠能環保
6625,上市,20,其他
6629,上櫃,38,居家生活
6637,上櫃,22,生技醫療業
6640,上櫃,24,半導體業
6641,上市,35,綠能環保
6642,上櫃,28,電子零組件業
6643,上櫃,24,半導體業
6645,上市,22,生技醫療業
6649,上櫃,22,生技醫療業
6651,上櫃,24,半導體業
6654,上櫃,31,其他電子業
6655,上市,20,其他
6657,上市,22,生技醫療業
6658,上市,31,其他電子業
6661,上櫃,22,生技醫療業
6662,上櫃,22,生技醫療業
6664,上櫃,28,電子零組件業
6666,上市,22,生技醫療業
6667,上櫃,31,其他電子業
6668,上市,26,光電業
6669,上市,25,電腦及週邊設備業
6670,上市,37,運動休閒
6671,上市,38,居家生活
6672,上市,28,電子零組件業
6674,上市,27,通信網路業
6679,上櫃,24,半導體業
6680,上櫃,25,電腦及週邊設備業
6683,上櫃,24,半導體業
6684,上櫃,24,半導體業
6689,上市,36,數位雲端
6690,上櫃,36,數位雲端
6691,上市,31,其他電子業
6692,上櫃,35,綠能環保
6693,上櫃,24,半導體業
6695,上市,24,半導體業
6697,上櫃,30,資訊服務業
6698,上市,31,其他電子業
6703,上櫃,22,生技醫療業
6706,上市,26,光電業
6708,上櫃,24,半導體業
6712,上櫃,22,生技醫療業
6715,上市,28,電子零組件業
6716,上櫃,24,半導體業
6719,上市,24,半導體業
6720,上櫃,24,半導體業
6721,上櫃,20,其他
6722,上市,31,其他電子業
6725,上櫃,31,其他電子業
6727,上櫃,28,電子零組件業
6728,上櫃,38,居家生活
6730,上櫃,22,生技醫療業
6732,上櫃,24,半導體業
6733,上櫃,22,生技醫療業
6735,上櫃,31,其他電子業
6739,上櫃,31,其他電子業
6741,上櫃,36,數位雲端
6742,上市,26,光電業
6743,上市,31,其他電子業
6751,上櫃,30,資訊服務業
6752,上櫃,30,資訊服務業
6753,上市,15,航運業
6754,上市,38,居家生活
6756,上市,24,半導體業
6757,上市,15,航運業
6761,上櫃,28,電子零組件業
6762,上櫃,22,生技醫療業
6763,上櫃,36,數位雲端
6767,上櫃,22,生技醫療業
6768,上市,37,運動休閒
6770,上市,24,半導體業
6771,上市,35,綠能環保
6776,上市,29,電子通路業
6781,上市,28,電子零組件業
6782,上市,22,生技醫療業
6785,上櫃,22,生技醫療業
6788,上櫃,24,半導體業
6789,上市,24,半導體業
6790,上市,09,造紙工業
6791,上櫃,30,資訊服務業
6792,上市,27,通信網路業
6794,上市,22,生技醫療業
6796,上市,22,生技醫療業
6799,上市,24,半導體業
6803,上櫃,35,綠能環保
6804,上櫃,37,運動休閒
6805,上市,28,電子零組件業
6807,上市,38,居家生活
6811,上櫃,36,數位雲端
6821,上櫃,28,電子零組件業
6823,上櫃,24,半導體業
6829,上櫃,24,半導體業
6830,上市,31,其他電子業
6831,上市,25,電腦及週邊設備業
6834,上市,28,電子零組件業
6835,上市,28,電子零組件業
6838,上市,22,生技醫療業
6840,上櫃,31,其他電子業
6841,上櫃,22,生技醫療業
6843,上櫃,05,電機機械
6844,上櫃,22,生技醫療業
6846,上櫃,02,食品工業
6854,上市,24,半導體業
6855,上櫃,31,其他電子業
6856,上櫃,32,文化創意業
6859,上櫃,26,光電業
6861,上市,22,生技醫療業
6862,上市,28,電子零組件業
6863,上市,27,通信網路業
6865,上櫃,36,數位雲端
6869,上市,35,綠能環保
6870,上櫃,36,數位雲端
6872,上櫃,22,生技醫療業
6873,上市,35,綠能環保
6874,上櫃,30,資訊服務業
6875,上櫃,22,生技醫療業
6877,上櫃,31,其他電子業
6881,上櫃,20,其他
6884,上櫃,30,資訊服務業
6885,上市,22,生技醫療業
6887,上市,35,綠能環保
6890,上市,37,運動休閒
6894,上櫃,35,綠能環保
6895,上櫃,24,半導體業
6899,上櫃,26,光電業
6901,上市,20,其他
6902,上市,36,數位雲端
6903,上櫃,31,其他電子業
6904,上櫃,20,其他
6906,上市,36,數位雲端
6907,上櫃,24,半導體業
6908,上市,29,電子通路業
6909,上市,24,半導體業
6910,上櫃,36,數位雲端
6913,上櫃,28,電子零組件業
6914,上市,20,其他
6916,上市,26,光電業
6918,上市,22,生技醫療業
6919,上市,22,生技醫療業
6921,上市,24,半導體業
6922,上櫃,25,電腦及週邊設備業
6923,上市,35,綠能環保
6924,上市,28,電子零組件業
6925,上櫃,36,數位雲端
6928,上市,25,電腦及週邊設備業
6929,上櫃,22,生技醫療業
6931,上市,22,生技醫療業
6933,上市,25,電腦及週邊設備業
6934,上市,22,生技醫療業
6936,上市,22,生技醫療業
6937,上市,24,半導體業
6944,上市,35,綠能環保
6945,上櫃,22,生技醫療業
6947,上市,35,綠能環保
6949,上市,22,生技醫療業
6951,上市,35,綠能環保
6952,上市,20,其他
6953,上櫃,24,半導體業
6955,上市,22,生技醫療業
6957,上市,20,其他
6958,上市,20,其他
6961,上櫃,16,觀光餐旅
6962,上市,24,半導體業
6965,上市,37,運動休閒
6967,上櫃,28,電子零組件業
6968,上櫃,38,居家生活
6969,上市,35,綠能環保
6971,上櫃,35,綠能環保
6982,上櫃,05,電機機械
6983,上櫃,31,其他電子業
6986,上櫃,22,生技醫療業
6988,上市,12,汽車工業
6994,上市,35,綠能環保
6996,上櫃,24,半導體業
6997,上櫃,36,數位雲端
7402,上櫃,26,光電業
7547,上櫃,36,數位雲端
7556,上櫃,24,半導體業
7584,上櫃,32,文化創意業
7610,上市,35,綠能環保
7631,上市,31,其他電子業
7642,上櫃,05,電機機械
7689,上市,27,通信網路業
7703,上櫃,31,其他電子業
7704,上櫃,24,半導體業
7705,上市,16,觀光餐旅
7708,上櫃,16,觀光餐旅
7709,上櫃,05,電機機械
7711,上市,25,電腦及週邊設備業
7712,上櫃,24,半導體業
7713,上櫃,22,生技醫療業
7714,上櫃,36,數位雲端
7715,上櫃,35,綠能環保
7716,上櫃,15,航運業
7717,上櫃,27,通信網路業
7718,上櫃,05,電機機械
7721,上市,36,數位雲端
7722,上市,36,數位雲端
7723,上櫃,16,觀光餐旅
7728,上櫃,31,其他電子業
7730,上市,24,半導體業
7732,上市,12,汽車工業
7734,上櫃,24,半導體業
7736,上市,12,汽車工業
7738,上櫃,36,數位雲端
7740,上市,35,綠能環保
7743,上櫃,02,食品工業
7744,上櫃,28,電子零組件業
7747,上櫃,36,數位雲端
7749,上市,24,半導體業
7750,上市,05,電機機械
7751,上櫃,24,半導體業
7753,上櫃,26,光電業
7757,上櫃,16,觀光餐旅
7760,上市,16,觀光餐旅
7765,上市,36,數位雲端
7767,上櫃,30,資訊服務業
7768,上市,24,半導體業
7769,上市,24,半導體業
7770,上櫃,24,半導體業
7772,上櫃,24,半導體業
7777,上櫃,20,其他
7780,上市,02,食品工業
7782,上櫃,38,居家生活
7786,上市,35,綠能環保
7788,上市,28,電子零組件業
7791,上市,02,食品工業
7792,上櫃,31,其他電子業
7794,上櫃,38,居家生活
7795,上市,28,電子零組件業
7799,上市,22,生技醫療業
7803,上市,22,生技醫療業
7805,上櫃,36,數位雲端
7810,上櫃,24,半導體業
7811,上櫃,37,運動休閒
7812,上市,27,通信網路業
7814,上櫃,22,生技醫療業
7818,上市,35,綠能環保
7819,上櫃,30,資訊服務業
7820,上櫃,35,綠能環保
7821,上市,12,汽車工業
7822,上市,24,半導體業
7823,上市,36,數位雲端
7825,上櫃,31,其他電子業
7827,上市,22,生技醫療業
7828,上櫃,24,半導體業
7835,上市,36,數位雲端
7839,上櫃,36,數位雲端
7842,上櫃,35,綠能環保
7855,上市,20,其他
7856,上櫃,24,半導體業
8011,上市,27,通信網路業
8016,上市,24,半導體業
8021,上市,31,其他電子業
8024,上櫃,24,半導體業
8027,上櫃,05,電機機械
8028,上市,24,半導體業
8032,上櫃,29,電子通路業
8033,上市,20,其他
8034,上櫃,27,通信網路業
8038,上櫃,28,電子零組件業
8039,上市,28,電子零組件業
8040,上櫃,24,半導體業
8042,上櫃,28,電子零組件業
8043,上櫃,28,電子零組件業
8044,上櫃,36,數位雲端
8045,上市,27,通信網路業
8046,上市,28,電子零組件業
8047,上櫃,31,其他電子業
8048,上櫃,27,通信網路業
8049,上櫃,26,光電業
8050,上櫃,25,電腦及週邊設備業
8054,上櫃,24,半導體業
8059,上櫃,27,通信網路業
8064,上櫃,26,光電業
8066,上櫃,38,居家生活
8067,上櫃,29,電子通路業
8068,上櫃,29,電子通路業
8069,上櫃,26,光電業
8070,上市,29,電子通路業
8071,上櫃,28,電子零組件業
8072,上市,29,電子通路業
8074,上櫃,28,電子零組件業
8076,上櫃,25,電腦及週邊設備業
8077,上櫃,16,觀光餐旅
8080,上櫃,14,建材營造
8081,上市,24,半導體業
8083,上櫃,05,電機機械
8084,上櫃,29,電子通路業
8085,上櫃,31,其他電子業
8086,上櫃,24,半導體業
8087,上櫃,35,綠能環保
8088,上櫃,24,半導體業
8089,上櫃,27,通信網路業
8091,上櫃,24,半導體業
8092,上櫃,31,其他電子業
8093,上櫃,28,電子零組件業
8096,上櫃,29,電子通路業
8097,上櫃,27,通信網路業
8099,上櫃,30,資訊服務業
8101,上市,27,通信網路業
8102,上櫃,24,半導體業
8103,上市,28,電子零組件業
8104,上市,26,光電業
8105,上市,26,光電業
8107,上櫃,05,電機機械
8109,上櫃,28,電子零組件業
8110,上市,24,半導體業
8111,上櫃,26,光電業
8112,上市,29,電子通路業
8114,上市,25,電腦及週邊設備業
8121,上櫃,28,電子零組件業
8131,上市,24,半導體業
8147,上櫃,28,電子零組件業
8150,上市,24,半導體業
8155,上櫃,28,電子零組件業
8162,上市,24,半導體業
8163,上市,25,電腦及週邊設備業
8171,上櫃,35,綠能環保
8176,上櫃,27,通信網路業
8182,上櫃,28,電子零組件業
8201,上市,31,其他電子業
8210,上市,25,電腦及週邊設備業
8213,上市,28,電子零組件業
8215,上市,26,光電業
8222,上市,05,電機機械
8227,上櫃,24,半導體業
8234,上櫃,25,電腦及週邊設備業
8240,上櫃,26,光電業
8249,上市,28,電子零組件業
8255,上櫃,05,電機機械
8261,上市,24,半導體業
8271,上市,24,半導體業
8272,上櫃,30,資訊服務業
8277,上櫃,24,半導體業
8279,上櫃,22,生技醫療業
8284,上櫃,30,資訊服務業
8289,上櫃,28,電子零組件業
8291,上櫃,28,電子零組件業
8299,上櫃,24,半導體業
8341,上市,35,綠能環保
8342,上櫃,20,其他
8349,上櫃,10,鋼鐵工業
8354,上櫃,20,其他
8358,上櫃,28,電子零組件業
8367,上市,15,航運業
8374,上市,05,電機機械
8383,上櫃,24,半導體業
8390,上櫃,35,綠能環保
8401,上櫃,20,其他
8403,上櫃,22,生技醫療業
8404,上市,20,其他
8409,上櫃,22,生技醫療業
8410,上櫃,25,電腦及週邊設備業
8411,上市,20,其他
8415,上櫃,10,鋼鐵工業
8416,上櫃,30,資訊服務業
8421,上櫃,20,其他
8422,上市,35,綠能環保
8423,上櫃,35,綠能環保
8424,上櫃,14,建材營造
8426,上櫃,20,其他
8429,上市,18,貿易百貨
8431,上櫃,31,其他電子業
8432,上櫃,22,生技醫療業
8433,上櫃,38,居家生活
8435,上櫃,20,其他
8436,上櫃,22,生技醫療業
8437,上櫃,20,其他
8438,上市,35,綠能環保
8440,上櫃,35,綠能環保
8442,上市,20,其他
8443,上市,18,貿易百貨
8444,上櫃,20,其他
8446,上櫃,32,文化創意業
8450,上櫃,32,文化創意業
8454,上市,36,數位雲端
8455,上櫃,31,其他電子業
8462,上市,37,運動休閒
8463,上市,20,其他
8464,上市,38,居家生活
8466,上市,20,其他
8467,上市,37,運動休閒
8472,上櫃,36,數位雲端
8473,上市,35,綠能環保
8476,上市,35,綠能環保
8477,上櫃,36,數位雲端
8478,上市,37,運動休閒
8481,上市,20,其他
8482,上市,38,居家生活
8487,上市,36,數位雲端
8488,上市,20,其他
8489,上櫃,20,其他
8499,上市,31,其他電子業
8905,上櫃,20,其他
8906,上櫃,20,其他
8908,上櫃,23,油電燃氣業
8916,上櫃,20,其他
8917,上櫃,23,油電燃氣業
8921,上櫃,20,其他
8923,上櫃,32,文化創意業
8924,上櫃,37,運動休閒
8926,上市,23,油電燃氣業
8927,上櫃,23,油電燃氣業
8928,上櫃,37,運動休閒
8929,上櫃,20,其他
8930,上櫃,10,鋼鐵工業
8931,上櫃,23,油電燃氣業
8932,上櫃,36,數位雲端
8933,上櫃,37,運動休閒
8935,上櫃,20,其他
8936,上櫃,20,其他
8937,上櫃,20,其他
8938,上櫃,37,運動休閒
8940,上市,16,觀光餐旅
8941,上櫃,38,居家生活
8942,上櫃,20,其他
8996,上市,05,電機機械
9802,上市,37,運動休閒
9902,上市,20,其他
9904,上市,37,運動休閒
9905,上市,20,其他
9906,上市,14,建材營造
9907,上市,20,其他
9908,上市,23,油電燃氣業
9910,上市,37,運動休閒
9911,上市,38,居家生活
9912,上市,25,電腦及週邊設備業
9914,上市,37,運動休閒
9917,上市,20,其他
9918,上市,23,油電燃氣業
9919,上市,20,其他
9921,上市,37,運動休閒
9924,上市,38,居家生活
9925,上市,20,其他
9926,上市,23,油電燃氣業
9927,上市,20,其他
9928,上市,20,其他
9929,上市,20,其他
9930,上市,35,綠能環保
9931,上市,23,油電燃氣業
9933,上市,20,其他
9934,上市,38,居家生活
9935,上市,38,居家生活
9937,上市,23,油電燃氣業
9938,上市,20,其他
9939,上市,20,其他
9940,上市,20,其他
9941,上市,20,其他
9942,上市,20,其他
9943,上市,16,觀光餐旅
9944,上市,20,其他
9945,上市,20,其他
9946,上市,14,建材營造
9949,上櫃,32,文化創意業
9950,上櫃,03,塑膠工業
9951,上櫃,05,電機機械
9955,上市,35,綠能環保
9958,上市,10,鋼鐵工業
9960,上櫃,37,運動休閒
9962,上櫃,10,鋼鐵工業
