code,shares
1101,7523181742
1102,3546562881
1103,832874553
1104,686681816
1108,404738049
1109,341158868
1110,572000797
1201,506062914
1203,240000000
1210,894767222
1213,56622627
1215,294790098
1216,5682015421
1217,494513336
1218,499999038
1219,341238364
1220,177077944
1225,242268306
1227,915089591
1229,1795960668
1231,328299922
1232,159974915
1233,90591948
1234,401871094
1235,188577836
1236,86674008
1240,46443992
1256,35781378
1259,32389500
1264,37052367
1268,42223730
1294,36625875
1295,37599800
1301,6365740781
1303,7930821589
1304,1188763500
1305,581050494
1307,397818126
1308,593743919
1309,397586848
1310,527869764
1312,1506620328
1313,1330846107
1314,3784850130
1315,99099000
1316,401646150
1319,591477068
1321,227228268
1323,91274554
1324,75121882
1325,85281198
1326,5861186291
1336,77614419
1337,268954729
1338,83840000
1339,74123875
1340,152922855
1341,52850634
1342,78000902
1402,5352875227
1409,1618409286
1410,62000000
1413,132112454
1414,198000000
1416,185342168
1417,189941840
1418,56834309
1419,300041280
1423,99648000
1432,108000000
1434,1684664637
1435,139780080
1436,194151795
1437,201871284
1438,111205759
1439,92000000
1440,1656815857
1441,61744387
1442,366211358
1443,135343011
1444,995595059
1445,130666034
1446,137709513
1447,910071242
1449,127114572
1451,198000000
1452,132641400
1453,113243048
1454,129833848
1455,531688380
1456,93720000
1457,316730022
1459,268971680
1460,694643484
1463,173268381
1464,425575733
1465,103607267
1466,111157320
1467,233624667
1468,160405244
1470,85767000
1471,150414536
1472,52488082
1473,146153534
1474,129896969
1475,66016749
1476,274367111
1477,246693713
1503,520972223
1504,2376440684
1506,300388501
1512,98183498
1513,503112515
1514,278570642
1515,181473500
1516,40008195
1517,220000007
1519,347468929
1521,76230000
1522,312897881
1524,165310397
1525,73400135
1526,60000000
1527,138570640
1528,191331000
1529,155095074
1530,94594171
1531,182108080
1532,422604271
1533,98547486
1535,123742552
1536,278959513
1537,82062794
1538,32300000
1539,65370000
1540,85473612
1541,78800000
1558,64535631
1560,150289456
1563,225608140
1565,50416516
1568,103086559
1569,144247441
1570,51500839
1580,49339242
1582,144268604
1583,109400372
1584,232470533
1586,131849467
1587,80055672
1589,153135941
1590,199999998
1591,38048047
1593,39784772
1595,55554896
1597,89261804
1598,179142092
1599,73028764
1603,191688000
1604,384200000
1605,4431332948
1608,632773506
1609,785261944
1611,322735742
1612,316080063
1614,269113406
1615,198630339
1616,194148515
1617,169514700
1618,192691747
1623,66000000
1626,149821721
1702,294132962
1707,148137373
1708,249001651
1709,477016272
1710,885703029
1711,547752226
1712,420492585
1713,150951700
1714,991824808
1717,1184245483
1718,1685905745
1720,196565698
1721,184884092
1722,980000000
1723,236904480
1725,181829978
1726,162000000
1727,128019559
1730,63233851
1731,132915244
1732,42443957
1733,99950192
1734,190196774
1735,99388000
1736,303394617
1737,200000000
1742,92671300
1752,100988472
1760,85739013
1762,76918000
1773,300000000
1776,60106952
1777,44591713
1780,109075173
1781,47407605
1783,89698115
1784,53121191
1785,595980243
1786,74827641
1788,44520971
1789,790739222
1795,266873812
1796,41459793
1799,248775894
1802,2908060800
1805,134970455
1806,390403870
1808,714425393
1809,167041937
1810,302303719
1813,46635510
1815,585479487
1817,72600000
1903,260039121
1904,1108274522
1905,1102835316
1906,151000000
1907,1660371495
1909,1327685727
2002,15734860997
2006,730213818
2007,530651613
2008,190852293
2009,359622165
2010,647655390
2012,302162700
2013,200000000
2014,1435544446
2015,581599424
2017,446874691
2020,267031320
2022,337168138
2023,1821240214
2024,97500000
2025,172660536
2027,2584260615
2028,325714800
2029,321180000
2030,280526027
2031,321146341
2032,130521545
2033,80694536
2034,528995589
2038,194134303
2049,353792240
2059,95297072
2061,57378052
2062,199994152
2063,48101453
2064,69330000
2065,63516707
2066,44449527
2067,45138177
2069,166386836
2070,41782800
2072,192000000
2101,733934904
2102,473329207
2103,825709978
2104,984733625
2105,3241415536
2106,954890000
2107,303593400
2108,492416659
2109,279349134
2114,77991707
2115,104373163
2201,1070001251
2204,553620342
2206,773675604
2207,557102768
2208,1274539449
2211,417091463
2221,42325000
2227,300000000
2228,79779692
2230,68029605
2231,135931870
2233,60288889
2235,35878000
2236,63130935
2237,128937901
2239,117712593
2241,104602306
2243,77373596
2247,80708735
2248,47600000
2250,36388226
2254,63907680
2258,1751076800
2301,2316107763
2302,166302881
2303,12570093899
2305,205660827
2308,2597543329
2312,1505781211
2313,1233820589
2314,108596422
2316,182740536
2317,14028648626
2321,16555060
2323,980413495
2324,4407146625
2327,2058730688
2328,518346282
2329,658948333
2330,25932370067
2331,557402968
2332,602170373
2337,1981856638
2338,366849183
2340,438622846
2342,157335244
2344,4500000193
2345,561117897
2347,1667946968
2348,159485596
2349,693679663
2351,193734061
2352,1580506505
2353,3047853828
2354,1414485192
2355,397495420
2356,3587475066
2357,742760280
2359,171471052
2360,425245742
2362,622263000
2363,514988161
2364,52388648
2365,221528496
2367,706253175
2368,522932973
2369,380102344
2371,2150834851
2373,236202518
2374,337992133
2375,108675334
2376,669888886
2377,844856199
2379,515512641
2380,60000000
2382,4107627432
2383,358321114
2385,765721188
2387,195251051
2388,555935941
2390,192619442
2392,512326940
2393,443393086
2395,869046008
2397,114488857
2399,178100000
2401,591994919
2402,307536533
2404,190586698
2405,343427303
2406,350905689
2408,3450205894
2409,7547098972
2412,7757446545
2413,127359200
2414,161735846
2415,90000000
2417,157218864
2419,321317229
2420,152648688
2421,286943669
2423,145047289
2424,59585000
2425,96498831
2426,300622252
2427,197999573
2428,128112726
2429,85500000
2430,116800000
2431,110927014
2432,61860000
2433,144496011
2434,37000000
2436,204177561
2438,71195641
2439,248641314
2440,139117271
2441,568845921
2442,325232021
2444,101569573
2449,1283882318
2450,258252657
2451,431345675
2453,100000000
2454,1603895407
2455,184905918
2457,424772416
2458,303880392
2459,105595615
2460,169200000
2461,191887963
2462,150784482
2464,216680434
2465,93946031
2466,173458697
2467,156855348
2468,69961249
2471,47253890
2472,164735137
2474,538821068
2476,218080998
2477,158573244
2478,144731339
2480,106360291
2481,382114927
2482,77882711
2483,107889807
2484,159421022
2485,317689037
2486,240482510
2488,79999433
2489,610000000
2491,82008000
2492,485204774
2493,126796629
2495,273551538
2496,19100440
2497,130887676
2498,836097086
2501,1159561059
2504,1180000000
2505,380000000
2506,387000000
2509,224550530
2511,1623326147
2514,394729278
2515,1607904084
2516,226278457
2520,609487110
2524,365983545
2527,270306000
2528,435996467
2530,841255731
2534,474227970
2535,270793967
2536,332808652
2537,300557795
2538,445025495
2539,1193102581
2540,944873965
2542,2153083539
2543,528541961
2545,379734808
2546,146187097
2547,1035094649
2548,335704631
2596,100000000
2597,310716000
2601,824776067
2603,2165042996
2605,585353297
2606,845055712
2607,533570547
2608,467000498
2609,3492104270
2610,6119964937
2611,189002272
2612,197484593
2613,148423458
2614,327264946
2615,2806146293
2616,137281827
2617,417294487
2618,5400444335
2630,209438204
2633,5628293058
2634,941867101
2636,141835230
2637,746409199
2640,59264956
2641,330333744
2642,95467000
2643,35000000
2645,374570962
2646,3008735000
2701,449967838
2702,156613249
2704,366923343
2705,191312830
2706,499998346
2707,127403238
2712,105000000
2718,87576000
2719,69182500
2722,143169696
2723,180000000
2724,59656345
2726,37922454
2727,82940109
2729,43040783
2731,93277739
2732,46518570
2734,57259760
2736,79972230
2739,91526000
2740,16762016
2743,46815210
2745,33808526
2748,105778740
2751,19844500
2752,26693861
2753,66644796
2754,46907000
2755,46792491
2756,24597584
2762,112500000
2801,12060197409
2812,6425074858
2816,223608000
2820,1342960000
2832,253540280
2834,10398326179
2836,1858316153
2838,4340551779
2845,4865284731
2849,1957609349
2850,315963300
2851,800388750
2852,301163784
2855,1601414478
2880,13916965089
2881,14007364952
2882,14669210128
2883,16974847040
2884,16192000000
2885,13331149946
2886,14833378282
2887,25115061997
2889,3633563471
2890,14782168721
2891,19675932806
2892,14379468650
2897,2805357878
2901,73043283
2903,1416940589
2904,77834432
2905,1110371703
2906,209116648
2908,509887558
2910,175403000
2911,105125999
2912,1039622255
2913,790000000
2915,1104318772
2916,64626878
2923,1740296982
2924,52035934
2926,47389650
2929,109493838
2937,47896173
2939,45548665
2945,67500000
2947,23642366
2948,32000000
3002,102000000
3003,155654890
3004,64365055
3005,624310150
3006,298127841
3008,130798197
3010,259436817
3011,129600851
3013,205138930
3014,165954124
3015,187261950
3016,290356903
3017,392543007
3018,75377715
3019,279243901
3021,94890000
3022,176597790
3023,240069014
3024,277157496
3025,56736440
3026,165890318
3027,129160299
3028,237241193
3029,167005212
3030,236216000
3031,173203224
3032,113285626
3033,516559448
3034,608511469
3035,260550313
3036,1270562701
3037,1638872956
3038,157407603
3040,66224538
3041,140223647
3042,342992971
3043,38975634
3044,525605898
3045,3723431015
3046,78448013
3047,224761608
3048,269829794
3049,802010529
3050,154984450
3051,167000000
3052,233245771
3054,80651041
3055,114974918
3056,480555051
3057,67864629
3058,201722779
3059,307668025
3060,137563190
3062,330081818
3066,83070612
3071,110000000
3073,39511028
3078,227391064
3081,101769004
3083,86486858
3085,69019288
3086,272710510
3088,111071218
3090,287567150
3092,106649250
3093,145155576
3094,83117089
3105,423940384
3114,65129792
3122,40771918
3128,50156538
3130,33190700
3131,29903550
3135,90071491
3138,51732426
3141,75460728
3147,43686831
3149,226233604
3150,44377001
3152,39016200
3158,30633175
3162,154341112
3163,94635370
3164,86010364
3167,89513491
3168,75099649
3169,63306981
3171,33118158
3176,139306755
3178,45050000
3188,189087767
3189,526910360
3191,43597381
3205,67545631
3206,58916621
3207,66422124
3209,235391189
3211,154387021
3213,58685547
3217,90104203
3218,84724899
3219,71780880
3221,105062110
3224,78172648
3226,64430573
3227,151938122
3228,71937495
3229,64263000
3230,86010900
3231,3180052250
3232,46567865
3234,126474692
3236,105000613
3252,50195754
3257,79823590
3259,72965934
3260,333809875
3264,490170076
3265,136261659
3266,352314309
3268,34720796
3272,61176789
3276,69712666
3284,108482473
3285,42735324
3287,43970483
3288,16380000
3289,86746371
3290,90215034
3293,281801560
3294,132015919
3296,96724450
3297,36049445
3303,94090607
3305,143373974
3306,50607702
3308,60000000
3310,74948402
3311,100000000
3312,182626815
3313,221133831
3317,90000000
3321,86113769
3322,137582157
3323,99593385
3324,93076837
3325,110168610
3332,48104246
3338,87908141
3339,66568300
3346,121228352
3349,46071648
3354,70112426
3356,68550422
3357,116385739
3360,76402244
3362,147445475
3363,113640567
3372,235324000
3373,47618782
3374,271364316
3376,195763822
3379,38041748
3380,541718460
3388,77752824
3390,79329659
3402,73047692
3406,112743063
3413,110762280
3416,80496129
3419,120480417
3430,33716085
3432,42230000
3434,35754740
3437,144548000
3438,47165815
3441,40039920
3443,134011911
3444,44996877
3447,77449120
3450,145681382
3455,59850750
3465,42329862
3466,77892073
3467,31106569
3479,72631993
3481,7989197337
3483,99049257
3484,78828189
3485,38500850
3489,90452155
3490,55006435
3491,68805125
3492,35531600
3494,94800000
3498,61273008
3499,54970596
3501,118257927
3504,114059785
3508,104311737
3511,79972945
3512,113072372
3515,123544049
3516,59560874
3518,102467230
3520,68846778
3521,185765552
3522,104096209
3523,64257868
3526,66839477
3527,44445125
3528,66639216
3529,74686492
3530,77475900
3531,61175011
3532,387848300
3533,112534691
3535,79052356
3537,56242979
3540,84458548
3541,56349142
3543,110263150
3545,222411350
3546,61348690
3548,67744175
3550,107550000
3551,62274890
3552,97918334
3555,39998797
3556,63702844
3557,84315435
3558,59060881
3563,63960858
3564,59123100
3567,33954000
3570,17097000
3576,1627795375
3577,63965653
3580,39470657
3581,51006000
3583,83858644
3587,71684696
3588,61991182
3591,130386835
3592,75855226
3593,60825449
3594,95948358
3596,220354321
3597,39236440
3605,174697441
3607,121662239
3609,38419387
3611,47554634
3615,68466976
3617,94766049
3622,151327600
3623,29185946
3624,117340842
3625,114246765
3628,45000000
3629,32954782
3630,204191848
3631,81820909
3632,40889738
3645,136754207
3646,39297371
3652,75097500
3653,146732803
3661,86270239
3663,108494074
3664,75945377
3665,199578405
3666,138949850
3669,92919950
3672,40790375
3673,406663759
3675,53057923
3679,63022229
3680,96154998
3684,30304737
3685,79574000
3686,76495118
3687,30124059
3689,89508815
3691,91883420
3693,42990694
3694,154890708
3701,236668883
3702,1683620699
3703,823215980
3704,415444970
3705,266422983
3706,1327212468
3707,400484353
3708,92105384
3709,145569450
3710,287250734
3711,4470572282
3712,246242146
3713,88099380
3714,737940460
3715,283574584
3716,150579211
3717,207845445
4102,42373443
4104,188367456
4105,248649959
4106,100911557
4107,69298336
4108,198618879
4109,118736681
4111,59832135
4113,231138137
4114,550429688
4116,44566000
4119,119508634
4120,86747119
4121,83111045
4123,807456341
4126,72600000
4127,45760000
4128,588170597
4129,96437650
4131,39879000
4133,60553594
4137,82492350
4138,39930000
4139,45009911
4142,429507750
4147,273202425
4148,67235701
4153,58668197
4155,144684164
4157,711833575
4160,26690334
4161,59808204
4162,145677640
4163,50679643
4164,195310989
4166,243035089
4167,331554307
4168,112521318
4169,66431612
4171,58057469
4173,74574355
4174,131579687
4175,42323307
4178,215866981
4183,23800000
4188,63332900
4190,61445957
4192,35164500
4195,80000057
4198,24108000
4205,97649228
4207,198538008
4303,132447444
4304,61038065
4306,676757216
4401,122692012
4402,67991830
4406,51912000
4413,31314689
4414,263795773
4416,73586213
4417,83971399
4419,169163133
4420,40455000
4426,172677198
4430,56273609
4432,50589000
4433,61299774
4438,113425455
4439,38116201
4440,67598000
4441,68175578
4442,32341344
4502,57469686
4503,78313326
4506,177012000
4510,108977724
4513,143761921
4523,64949000
4526,254826461
4527,76152370
4528,84165695
4529,84549096
4530,35794959
4532,494895105
4533,178434110
4534,86788948
4536,90820000
4538,59469604
4540,115186724
4541,67647068
4542,35254258
4543,62760915
4545,77000000
4549,57002445
4550,37838783
4551,115222498
4552,116000000
4554,30276584
4555,69987653
4556,42302840
4557,47971840
4558,50000000
4560,68097240
4561,58521619
4562,87546000
4563,54950000
4564,232788303
4566,110381002
4568,32045125
4569,30600000
4571,53017115
4572,40018679
4576,119801848
4577,49137998
4580,46803109
4581,33899000
4582,75480000
4583,80171351
4585,104609000
4588,42985000
4590,54838400
4609,47946820
4702,72333200
4706,79030093
4707,413808151
4711,61056000
4714,221838188
4716,94427191
4720,114516037
4721,74986304
4722,103765073
4726,207041800
4729,79226741
4735,41568758
4736,95374469
4737,77328053
4739,124649269
4741,34812079
4743,480533486
4744,56948450
4745,69705547
4746,120255963
4747,90922064
4749,94732865
4754,30283215
4755,100706000
4760,32778289
4763,989146670
4764,85542062
4766,120570780
4767,31415000
4768,48200288
4770,79976000
4771,58708700
4772,147681552
4806,99947092
4807,48996032
4903,105343714
4904,3607705357
4905,29260044
4906,436353471
4907,118145778
4908,78216907
4909,93356864
4911,68817133
4912,66993099
4915,471880824
4916,124082539
4919,419765268
4923,36940360
4924,37164409
4927,264937988
4930,80000000
4931,65565761
4933,82662675
4934,225000000
4935,128864091
4938,2682044103
4939,98200868
4942,142367613
4943,126694353
4946,8852816
4949,67703143
4950,57729107
4951,34148713
4952,108815816
4953,73147014
4956,100408236
4958,1117274165
4960,571705388
4961,121253603
4966,78957788
4967,84963288
4968,92209898
4971,47185743
4972,56888587
4973,65292843
4974,72500104
4976,141218000
4977,82689841
4979,142802027
4989,172776500
4991,121334726
4994,66383400
4995,42592036
4999,74417200
5007,294940154
5009,602471197
5011,100673922
5013,133416000
5014,183265054
5015,60639189
5016,49622076
5201,38674600
5202,89094000
5203,77342550
5206,201093375
5209,28567224
5210,82177779
5211,32024727
5212,34633000
5213,721334326
5215,64337500
5220,39667000
5222,91094968
5223,44549781
5225,79136499
5227,96000000
5228,38056253
5230,55976730
5234,102715911
5236,60004038
5243,168528915
5244,68241899
5245,45127141
5251,33733377
5258,110364894
5263,78936891
5269,74156359
5272,55276118
5274,41582953
5276,39500000
5278,300000000
5283,87600510
5284,52892683
5285,102040926
5287,65738500
5288,69698722
5289,98335431
5291,41890606
5292,46318800
5299,50888981
5301,65890304
5302,159888349
5306,126000772
5309,230967451
5310,28943517
5312,60059898
5314,1205960000
5315,106351832
5321,59543149
5324,226379090
5328,172710724
5340,194893964
5344,79447460
5345,37795000
5347,1879567550
5348,14775917
5351,328636781
5353,75765000
5355,166122792
5356,103040000
5364,63849940
5381,207690562
5386,54121322
5388,304342542
5392,180093388
5398,49465460
5403,78176123
5410,93368623
5425,263485486
5426,143800000
5432,20687804
5434,193657655
5438,112536565
5439,92976751
5443,164746644
5450,122403239
5452,148763669
5455,65501813
5457,196428800
5460,58778130
5464,71071490
5465,147682629
5468,58922909
5469,486166000
5471,167877062
5474,39756944
5475,127127017
5478,156074332
5481,71402891
5483,641221651
5484,66801000
5487,24222516
5488,91586124
5489,102706441
5490,96152201
5493,43689255
5498,193548545
5508,217428133
5511,136000000
5512,766312494
5514,236118280
5515,201600084
5516,51545223
5519,230157039
5520,59975245
5521,492280155
5522,781596241
5523,155001464
5525,318105378
5529,105769350
5530,420084199
5531,977589245
5533,285244944
5534,315325960
5536,124080930
5538,201203333
5543,46703593
5546,82353402
5547,51000000
5548,63735065
5603,104876607
5604,108782968
5607,370552913
5608,389276138
5609,142884000
5701,143000000
5703,70239594
5704,58861658
5706,83767920
5864,504490084
5871,1745649584
5876,4910219171
5878,25024303
5880,15680936914
5902,94500000
5903,223220000
5904,1064438260
5905,281623235
5906,35741412
5907,195531000
6005,2170908097
6015,403614082
6016,772419946
6020,252353154
6021,312230974
6023,447972732
6024,266683403
6026,396161841
6028,25000000
6101,116173578
6103,13604891
6104,91129107
6108,154494311
6109,87825414
6111,108511051
6112,188357336
6113,52549455
6114,43911937
6115,187662154
6116,2858654851
6117,92545408
6118,90889573
6120,598999602
6121,184970519
6122,78091632
6123,62089430
6124,182479945
6125,259011150
6126,130050754
6127,108079751
6128,127588740
6129,180943675
6130,46300000
6133,117006294
6134,81882117
6136,115536412
6138,75635500
6139,235575724
6140,54897760
6141,113354005
6142,330779215
6143,86058897
6144,38273701
6146,101867199
6147,744593539
6148,46603757
6150,48345985
6151,55257300
6152,167738463
6153,636177694
6154,80080000
6155,88023988
6156,107875010
6158,55698288
6160,68489120
6161,56237477
6163,148838747
6164,80000000
6165,77752623
6166,217769257
6167,146000000
6168,205761801
6169,23394960
6170,97260038
6171,100000000
6173,171200000
6174,50000000
6175,150121812
6176,348770447
6177,471891426
6179,177324650
6180,175493573
6182,625305662
6183,150000000
6184,158230657
6185,149867531
6186,226907598
6187,98262739
6188,278358910
6189,263779657
6190,195376079
6191,499303000
6192,96155770
6194,48000000
6195,50192942
6196,220329529
6197,123439128
6198,171400350
6199,61760018
6201,89200000
6202,230388200
6203,82401370
6204,23102080
6205,82235907
6206,143062324
6207,92534411
6208,94462343
6209,180462702
6210,35048000
6213,363562218
6214,272243066
6215,82789693
6216,97296137
6217,117210018
6218,64262000
6219,124967090
6220,146462640
6221,168612206
6222,95688878
6223,97981309
6224,85645361
6225,27800000
6226,115534789
6227,76111786
6229,40360700
6230,86343396
6231,45652186
6233,81021896
6234,100386398
6235,199906306
6237,79645371
6239,759146634
6240,22867370
6241,45533670
6242,31806500
6243,45268841
6244,387041875
6245,146608303
6246,37851415
6248,99956149
6257,483912325
6259,28056146
6261,128497989
6263,62500964
6264,136355291
6265,118172151
6266,153871641
6269,323831481
6270,72145759
6271,209058024
6272,81763948
6274,299336093
6275,80344567
6276,22043000
6277,119471166
6278,292398353
6279,119015736
6281,99172945
6282,856031294
6283,148981343
6284,148980341
6285,483441359
6290,169652410
6291,42000000
6292,46600712
6294,26047106
6405,65800000
6409,88253566
6411,99514331
6412,400769126
6414,145886397
6415,389452853
6416,73348460
6417,42274000
6418,34522000
6419,13159170
6423,31016000
6425,51382317
6426,38509000
6431,97398835
6432,40017865
6435,37461300
6438,82206325
6441,53318429
6442,80450155
6443,512796730
6446,422434636
6449,91878014
6451,117737193
6456,337939800
6462,91250754
6464,133932793
6465,59073685
6469,159104252
6470,37694100
6472,127756059
6474,52526199
6477,123787196
6482,28634463
6485,47366493
6486,50893286
6488,478113725
6491,78000000
6492,114903620
6494,31559690
6496,47290220
6498,47164892
6499,96944893
6504,72600000
6505,9525959652
6506,82360826
6508,86538864
6509,197434268
6510,32929138
6515,36444782
6516,56336935
6517,30579053
6523,45047625
6525,129047384
6526,167505554
6527,25458550
6530,33750000
6531,162846540
6532,37445147
6533,50650911
6534,102800000
6535,167840825
6538,38058493
6541,265125367
6542,42000630
6546,66848449
6547,328943644
6548,950464700
6550,894792688
6552,83000000
6556,28750000
6558,93788875
6560,32474715
6561,77958370
6568,30799700
6569,42820745
6570,37119170
6573,80499345
6574,21990000
6576,157540541
6577,60060145
6578,71941901
6579,169451221
6581,111270887
6582,106174141
6584,71265880
6585,72133587
6588,34700825
6589,306871174
6590,24964038
6591,41122465
6592,641845008
6593,31856609
6596,38000000
6597,30042250
6598,102819061
6603,167442946
6605,165816397
6606,110303783
6609,72456246
6612,52266043
6613,77801485
6614,80660521
6615,21593400
6616,35478473
6617,127506100
6620,169981900
6624,22579482
6625,57972488
6629,38379563
6637,26810000
6640,28911500
6641,36500000
6642,37399662
6643,42090160
6645,60864050
6651,34601541
6654,40962720
6655,80571817
6657,88808000
6658,36370000
6661,23304248
6662,25612400
6664,61151307
6666,47388000
6667,53478878
6668,107116087
6669,185840791
6670,139386973
6671,60750000
6672,81620212
6674,68550659
6679,54975335
6683,27557161
6684,44559496
6689,68000000
6690,29999720
6691,121487209
6692,58843890
6693,45720000
6695,106477650
6697,27323364
6698,66389753
6703,36257210
6706,78548865
6708,29008779
6712,101763861
6715,68274026
6716,30241814
6719,105516989
6720,30225741
6721,24500000
6722,88400000
6725,37130000
6727,26884177
6728,30120000
6730,36298151
6732,48912618
6733,134316026
6735,46182292
6739,23392500
6741,120577997
6742,71267948
6743,150000000
6751,22200000
6752,38258471
6753,117254081
6754,66000000
6756,69990000
6757,459530000
6761,34955867
6762,36930288
6763,184039130
6768,200095061
6770,4712080856
6771,31179500
6776,91581430
6781,85418780
6782,63000000
6785,66800000
6788,38739683
6789,318299119
6790,267129021
6791,20847000
6792,47875325
6794,63637000
6796,40233970
6799,43652193
6803,72794385
6804,47500000
6805,68553896
6807,54000000
6811,41449000
6821,35663193
6823,30533920
6829,59169000
6830,54413615
6831,67500000
6834,88471082
6835,66172297
6838,150977100
6840,30767284
6841,95223000
6843,33304000
6844,37428440
6846,27066039
6854,117678622
6855,23249716
6859,41588600
6861,41599250
6862,50000000
6863,74888000
6865,15840645
6869,137830041
6870,28329974
6872,70750511
6873,142649099
6874,22000000
6875,129182804
6877,46967122
6884,18390000
6885,133061000
6887,74205512
6890,250295804
6894,23800000
6895,34100000
6899,42398491
6901,853360000
6902,35529948
6903,66676000
6904,18500000
6906,33537400
6907,62525150
6908,37180000
6909,67212600
6910,30521000
6913,43848863
6914,66226000
6916,67500000
6918,34571000
6919,1557200860
6921,31836941
6922,27155385
6923,90439000
6924,20624000
6925,20000300
6928,86000000
6929,45090000
6931,66152160
6933,42442800
6934,36130304
6936,72804000
6937,67655263
6944,99694286
6945,97202160
6947,106126334
6949,1311601000
6951,52000000
6952,68345000
6953,30014600
6955,24800785
6957,55560314
6958,401289360
6961,26834000
6962,492396565
6965,156336000
6967,30404477
6968,50436279
6969,43857189
6971,38668000
6982,40752381
6983,18020000
6986,52134000
6988,47600000
6994,74162071
6996,41997833
6997,22100500
7402,35280646
7547,33963000
7556,29080869
7584,17055469
7610,58305456
7631,20142000
7642,30150000
7689,58507250
7703,34745000
7704,33769804
7705,66067304
7708,25500000
7709,39102740
7711,71700445
7712,32561873
7713,45478843
7714,21000000
7715,32756500
7716,22500000
7717,24831518
7718,46356484
7721,55370000
7722,71400000
7723,49619550
7728,13992621
7730,36796731
7732,64680000
7734,28000000
7736,76000000
7738,27355799
7740,60000000
7743,36483338
7744,32076710
7747,30168600
7749,46485728
7750,71843000
7751,26888600
7753,25000000
7757,24100000
7760,66048000
7765,40681000
7767,30100000
7768,70065000
7769,179930000
7770,30062053
7772,26498600
7777,202606250
7780,810024170
7782,23213000
7786,175953944
7788,79745993
7791,80000000
7792,46662000
7794,28000000
7795,78828500
7799,158245000
7803,94412888
7805,39750122
7810,20250000
7814,45000000
7818,167946000
7819,25263500
7820,37768096
7821,121913300
7822,45560763
7823,33490890
7827,139972262
7828,40493911
7835,46544367
7839,15096025
7842,18250000
7855,192527928
8011,165921891
8016,120136876
8021,145042467
8024,45160100
8027,112456770
8028,179491729
8032,51810300
8033,164629775
8034,56586353
8038,62278190
8039,263803994
8040,96413874
8042,131479954
8043,79907170
8044,204768065
8045,95041815
8046,646165487
8047,41666343
8048,59436924
8049,118279808
8050,205204891
8054,108732566
8059,194080500
8064,184817836
8067,20700000
8068,80765949
8069,1154678380
8070,725648455
8071,60084283
8072,80000000
8074,86974466
8076,292213592
8077,21945669
8080,67163821
8081,86172072
8083,35133193
8084,174754149
8085,139983060
8086,196516123
8087,38669142
8088,60921749
8089,65998718
8091,55986224
8092,57172325
8093,56567567
8096,149343066
8097,63802468
8099,100072800
8101,52166216
8102,23358350
8103,78436671
8104,104058192
8105,441544851
8107,75000000
8109,82161236
8110,517739876
8111,109102223
8112,565293058
8114,76487772
8121,212993743
8131,442222223
8147,41817166
8150,704523126
8155,62367700
8162,68702000
8163,280000001
8171,112853326
8176,71701000
8182,107041215
8183,121251068
8201,62366275
8210,125319146
8213,271242488
8215,320674514
8222,68573500
8227,39543000
8234,141226472
8240,100004414
8249,137824500
8255,101939480
8261,118878393
8271,129614266
8272,18997755
8277,91628833
8279,27100851
8284,47342000
8289,68333765
8291,17478450
8299,221165247
8341,130000000
8342,33536692
8349,208821391
8354,78532263
8358,252588000
8367,92172031
8374,112250487
8383,113760482
8390,96116128
8401,70669058
8403,137640343
8404,419933884
8409,32000000
8410,36589200
8411,218404319
8415,1031500000
8416,28210710
8421,63817140
8422,1358762544
8423,41714030
8424,36054368
8426,50242500
8429,185747151
8431,48778331
8432,38398140
8433,54506098
8435,35200450
8436,117728830
8437,47014070
8438,69943000
8440,50255299
8442,70169764
8443,66800000
8444,125104845
8446,52914405
8450,51309947
8454,264975275
8455,25219056
8462,80386616
8463,150000000
8464,293020200
8466,79445628
8467,48373575
8472,17735800
8473,182306922
8476,166226358
8477,64170616
8478,93972276
8481,66601866
8482,107444000
8487,26535000
8488,73500000
8489,59948960
8499,41165557
8905,119440000
8906,44037370
8908,315332742
8916,150384146
8924,83800000
8926,830282000
8927,419068367
8928,50854015
8929,50580862
8930,81809406
8931,122254862
8932,426013152
8933,326724305
8935,113495000
8936,248078157
8937,431680272
8938,156986490
8940,67491032
8941,34972071
8942,198842255
8996,93501537
9103,549411240
9105,10450002831
9110,907680000
9136,1200008445
9802,200991673
9902,98049600
9904,2946787213
9905,305000000
9906,90376358
9907,1579145342
9908,516358000
9910,987482831
9911,222332287
9912,53792569
9914,298983800
9917,451197093
9918,180537453
9919,195362750
9921,392065395
9924,150761736
9925,387489605
9926,179504075
9927,120000000
9928,70724583
9929,101280000
9930,248540368
9931,120369303
9933,944437034
9934,411016962
9935,177838926
9937,309043000
9938,297963902
9939,295786475
9940,736846500
9941,575636346
9942,83161320
9943,125171510
9944,105908100
9945,2844225086
9946,326554150
9949,44860763
9950,167716000
9951,73300000
9955,104424629
9958,246896665
9960,33592500
9962,90220260
